ad_id,reporting_start,reporting_end,campaign_id,fb_campaign_id,age,gender,interest1,interest2,interest3,impressions,clicks,spent,total_conversion,approved_conversion,CTR,CPC,Conversion_Rate,success_ctr,success_cpc,success_conversion,is_success
780653,24/08/2017,24/08/2017,936,116244,30-34,F,29,33,35,9076.0,1,1.379999995,1.0,1.0,0.011018069634200088,1.379999995,100.0,False,True,True,1
776935,30/08/2017,30/08/2017,936,115587,45-49,M,36,41,38,1136.0,0,0.0,1.0,1.0,0.0,,0.0,False,False,False,0
734939,20/08/2017,20/08/2017,936,108776,35-39,F,16,19,22,104648.0,24,33.33000004,4.0,2.0,0.022934026450577173,1.3887500016666667,8.333333333333332,False,True,True,1
780797,24/08/2017,24/08/2017,936,116273,30-34,F,22,25,25,24491.0,7,9.539999962,1.0,0.0,0.028581928055203952,1.3628571374285714,0.0,False,True,False,0
1121202,28/08/2017,28/08/2017,1178,144554,30-34,M,29,32,34,581281.0,65,115.1200008,10.0,5.0,0.011182199314961266,1.7710769353846154,7.6923076923076925,False,False,True,0
747332,21/08/2017,21/08/2017,936,110856,30-34,M,64,68,65,792.0,0,0.0,1.0,1.0,0.0,,0.0,False,False,False,0
734427,29/08/2017,29/08/2017,936,108691,35-39,M,28,29,31,8259.0,3,3.980000019,1.0,0.0,0.03632401017072285,1.326666673,0.0,False,True,False,0
1121464,24/08/2017,24/08/2017,1178,144601,40-44,M,19,23,25,363456.0,71,117.5599997,7.0,1.0,0.0195346892058461,1.655774643661972,1.4084507042253522,False,True,False,0
737961,20/08/2017,20/08/2017,936,109706,30-34,F,23,29,28,523.0,0,0.0,1.0,0.0,0.0,,0.0,False,False,False,0
710867,26/08/2017,26/08/2017,916,104270,30-34,F,63,64,68,1185.0,0,0.0,1.0,0.0,0.0,,0.0,False,False,False,0
734433,29/08/2017,29/08/2017,936,108692,35-39,M,29,35,31,12158.0,3,4.449999928,1.0,0.0,0.024675111037999672,1.4833333093333334,0.0,False,True,False,0
776697,22/08/2017,22/08/2017,936,115547,30-34,M,10,14,13,4132.0,0,0.0,1.0,1.0,0.0,,0.0,False,False,False,0
776533,21/08/2017,21/08/2017,936,115520,45-49,F,63,64,68,63927.0,16,25.52000046,2.0,0.0,0.025028548187776684,1.59500002875,0.0,False,True,False,0
777758,24/08/2017,24/08/2017,936,115737,30-34,M,19,20,20,5209.0,1,0.959999979,2.0,0.0,0.01919754271453254,0.959999979,0.0,False,True,False,0
748231,27/08/2017,27/08/2017,936,111006,45-49,F,16,18,21,25194.0,6,7.349999905,1.0,0.0,0.023815194093831864,1.2249999841666666,0.0,False,True,False,0
738098,20/08/2017,20/08/2017,936,109738,30-34,F,64,70,68,1539.0,0,0.0,1.0,0.0,0.0,,0.0,False,False,False,0
776353,23/08/2017,23/08/2017,936,115490,40-44,F,63,66,67,27559.0,8,13.37,1.0,0.0,0.0290286294858304,1.67125,0.0,False,True,False,0
747489,21/08/2017,21/08/2017,936,110882,40-44,M,2,7,6,4016.0,2,1.480000049,1.0,1.0,0.049800796812749,0.7400000245,50.0,False,True,True,1
747439,21/08/2017,21/08/2017,936,110874,35-39,M,29,35,33,1662.0,0,0.0,1.0,1.0,0.0,,0.0,False,False,False,0
709756,19/08/2017,19/08/2017,916,104085,40-44,M,16,21,21,10976.0,2,1.690000057,1.0,1.0,0.018221574344023325,0.8450000285,50.0,False,True,True,1
780760,24/08/2017,24/08/2017,936,116267,45-49,F,18,23,22,17167.0,5,6.910000086,1.0,0.0,0.029125648045669014,1.3820000172,0.0,False,True,False,0
950521,18/08/2017,18/08/2017,936,123514,30-34,M,21,27,25,351.0,0,0.0,1.0,0.0,0.0,,0.0,False,False,False,0
951294,19/08/2017,19/08/2017,936,123643,35-39,F,15,16,17,699.0,0,0.0,1.0,0.0,0.0,,0.0,False,False,False,0
738307,20/08/2017,20/08/2017,936,109788,35-39,F,31,36,36,3010.0,1,0.860000014,1.0,1.0,0.03322259136212625,0.860000014,100.0,False,True,True,1
781114,23/08/2017,23/08/2017,936,116331,40-44,F,18,24,22,4813.0,1,1.029999971,1.0,0.0,0.02077706212341575,1.029999971,0.0,False,True,False,0
779738,22/08/2017,22/08/2017,936,116081,30-34,F,28,32,33,15645.0,4,5.349999905,1.0,0.0,0.02556727388942154,1.33749997625,0.0,False,True,False,0
1121446,25/08/2017,25/08/2017,1178,144598,40-44,M,15,17,17,163181.0,26,40.02000093,1.0,1.0,0.015933227520360825,1.539230805,3.8461538461538463,False,True,True,1
950079,22/08/2017,22/08/2017,936,123440,30-34,M,16,20,22,3142.0,0,0.0,2.0,2.0,0.0,,0.0,False,False,False,0
708889,17/08/2017,17/08/2017,916,103940,30-34,M,15,16,17,15615.0,3,4.769999981,1.0,0.0,0.01921229586935639,1.5899999936666667,0.0,False,True,False,0
780064,21/08/2017,21/08/2017,936,116135,30-34,F,22,24,25,2554.0,0,0.0,1.0,0.0,0.0,,0.0,False,False,False,0
734660,28/08/2017,28/08/2017,936,108729,45-49,M,18,22,23,1299.0,0,0.0,2.0,0.0,0.0,,0.0,False,False,False,0
780629,24/08/2017,24/08/2017,936,116240,30-34,F,28,34,34,2963.0,0,0.0,1.0,0.0,0.0,,0.0,False,False,False,0
776469,22/08/2017,22/08/2017,936,115509,45-49,F,28,33,29,45397.0,15,25.41999936,1.0,1.0,0.03304183095799282,1.694666624,6.666666666666667,False,True,True,1
738582,19/08/2017,19/08/2017,936,109848,45-49,F,10,16,12,46150.0,15,20.17999983,1.0,1.0,0.03250270855904659,1.3453333219999999,6.666666666666667,False,True,True,1
780700,18/08/2017,18/08/2017,936,116252,30-34,F,27,33,30,3745.0,0,0.0,1.0,0.0,0.0,,0.0,False,False,False,0
1121372,29/08/2017,29/08/2017,1178,144585,35-39,M,28,34,34,378350.0,55,96.48000073,4.0,0.0,0.01453680454605524,1.7541818314545454,0.0,False,False,False,0
737995,20/08/2017,20/08/2017,936,109714,30-34,F,26,27,31,1873.0,0,0.0,1.0,0.0,0.0,,0.0,False,False,False,0
779644,19/08/2017,19/08/2017,936,116065,30-34,F,16,20,20,51816.0,8,10.2299999,2.0,1.0,0.015439246564767639,1.2787499875,12.5,False,True,True,1
781857,18/08/2017,18/08/2017,936,116455,30-34,M,20,21,24,9134.0,3,4.180000067,2.0,0.0,0.032844317932997594,1.3933333556666667,0.0,False,True,False,0
1121466,24/08/2017,24/08/2017,1178,144601,40-44,M,19,23,25,438983.0,81,143.4300001,3.0,1.0,0.018451739589004586,1.7707407419753087,1.2345679012345678,False,False,False,0
1121425,23/08/2017,23/08/2017,1178,144594,35-39,M,2,8,7,85970.0,14,24.78000021,1.0,1.0,0.016284750494358496,1.7700000150000001,7.142857142857142,False,False,True,0
710682,29/08/2017,29/08/2017,916,104239,30-34,F,27,33,32,1186.0,0,0.0,1.0,0.0,0.0,,0.0,False,False,False,0
950578,19/08/2017,19/08/2017,936,123523,30-34,M,32,37,37,550.0,0,0.0,1.0,0.0,0.0,,0.0,False,False,False,0
735247,18/08/2017,18/08/2017,936,108827,45-49,F,20,24,25,14257.0,6,8.789999962,1.0,0.0,0.04208459002595216,1.4649999936666667,0.0,False,True,False,0
778421,27/08/2017,27/08/2017,936,115848,40-44,F,20,21,23,6699.0,2,3.090000033,1.0,0.0,0.02985520226899537,1.5450000165,0.0,False,True,False,0
734215,26/08/2017,26/08/2017,936,108655,30-34,M,15,19,17,13659.0,3,3.840000033,1.0,0.0,0.021963540522732264,1.280000011,0.0,False,True,False,0
1121398,23/08/2017,23/08/2017,1178,144590,35-39,M,36,39,38,35088.0,5,8.800000072,1.0,1.0,0.014249886000911993,1.7600000143999999,20.0,False,False,True,0
778087,28/08/2017,28/08/2017,936,115792,30-34,M,26,30,32,15910.0,5,6.779999852,1.0,0.0,0.03142677561282212,1.3559999704,0.0,False,True,False,0
780821,23/08/2017,23/08/2017,936,116277,30-34,F,23,24,25,6469.0,2,1.309999943,1.0,0.0,0.030916679548616478,0.6549999715,0.0,False,True,False,0
1121477,21/08/2017,21/08/2017,1178,144603,40-44,M,21,27,22,7073.0,0,0.0,1.0,0.0,0.0,,0.0,False,False,False,0
1121289,24/08/2017,24/08/2017,1178,144572,35-39,M,10,14,13,98066.0,9,16.1500001,1.0,0.0,0.009177492708991904,1.7944444555555554,0.0,False,False,False,0
709328,18/08/2017,18/08/2017,916,104013,35-39,M,16,19,18,3332.0,0,0.0,1.0,1.0,0.0,,0.0,False,False,False,0
782171,20/08/2017,20/08/2017,936,116507,30-34,F,30,31,32,535.0,0,0.0,1.0,0.0,0.0,,0.0,False,False,False,0
779106,28/08/2017,28/08/2017,936,115962,35-39,F,30,35,36,14670.0,7,9.410000324,1.0,0.0,0.047716428084526245,1.3442857605714287,0.0,False,True,False,0
782134,21/08/2017,21/08/2017,936,116501,30-34,F,16,19,21,37873.0,5,6.169999957,1.0,1.0,0.013202017268238586,1.2339999914,20.0,False,True,True,1
779789,22/08/2017,22/08/2017,936,116089,45-49,M,10,14,13,11611.0,3,3.950000048,1.0,1.0,0.025837567823615536,1.3166666826666666,33.33333333333333,False,True,True,1
1121414,23/08/2017,23/08/2017,1178,144592,35-39,M,64,70,66,133316.0,21,36.17000055,2.0,0.0,0.015752047766209608,1.7223809785714284,0.0,False,False,False,0
735290,18/08/2017,18/08/2017,936,108834,45-49,F,27,29,33,12215.0,4,6.26000011,1.0,0.0,0.03274662300450266,1.5650000275,0.0,False,True,False,0
734852,28/08/2017,28/08/2017,936,108761,30-34,F,26,30,29,13479.0,3,4.25,1.0,0.0,0.022256843979523704,1.4166666666666667,0.0,False,True,False,0
711785,26/08/2017,26/08/2017,916,104423,45-49,F,19,25,23,292.0,0,0.0,1.0,0.0,0.0,,0.0,False,False,False,0
950224,22/08/2017,22/08/2017,936,123464,40-44,M,20,21,23,2367.0,2,2.839999914,1.0,1.0,0.08449514152936206,1.419999957,50.0,False,True,True,1
1121430,23/08/2017,23/08/2017,1178,144595,35-39,M,7,10,9,28989.0,2,2.290000021,1.0,0.0,0.006899168650177653,1.1450000105,0.0,False,True,False,0
1121278,23/08/2017,23/08/2017,1178,144570,30-34,M,7,13,10,1044442.0,142,245.5999999,22.0,8.0,0.013595776500753514,1.729577464084507,5.633802816901409,False,False,True,0
748235,26/08/2017,26/08/2017,936,111006,45-49,F,16,18,19,102695.0,25,39.42999983,3.0,0.0,0.024343931057987246,1.5771999932,0.0,False,True,False,0
1121111,26/08/2017,26/08/2017,1178,144534,30-34,M,18,19,21,182452.0,20,35.73000026,4.0,1.0,0.010961787209786683,1.786500013,5.0,False,False,True,0
950109,22/08/2017,22/08/2017,936,123445,30-34,M,20,24,22,343.0,0,0.0,1.0,1.0,0.0,,0.0,False,False,False,0
1121395,23/08/2017,23/08/2017,1178,144589,35-39,M,32,38,34,392541.0,53,98.70000017,3.0,2.0,0.013501774336948243,1.8622641541509433,3.7735849056603774,False,False,True,0
778964,29/08/2017,29/08/2017,936,115938,35-39,F,27,33,28,112460.0,25,41.29000068,1.0,0.0,0.0222301262671172,1.6516000272,0.0,False,True,False,0
738413,19/08/2017,19/08/2017,936,109813,40-44,F,16,17,19,147159.0,36,58.16000044,3.0,1.0,0.024463335575805763,1.6155555677777778,2.7777777777777777,False,True,False,0
778112,28/08/2017,28/08/2017,936,115796,35-39,M,29,33,35,11446.0,2,3.090000033,1.0,1.0,0.017473353136466887,1.5450000165,50.0,False,True,True,1
951498,21/08/2017,21/08/2017,936,123677,45-49,F,20,22,21,259.0,0,0.0,1.0,0.0,0.0,,0.0,False,False,False,0
709179,30/08/2017,30/08/2017,916,103988,35-39,M,15,16,17,4627.0,1,1.690000057,1.0,0.0,0.02161227577263886,1.690000057,0.0,False,True,False,0
1121143,21/08/2017,21/08/2017,1178,144539,30-34,M,23,28,27,221695.0,31,52.26000011,5.0,2.0,0.013983175082884144,1.6858064551612904,6.451612903225806,False,True,True,1
738423,19/08/2017,19/08/2017,936,109816,40-44,F,18,20,24,21664.0,7,10.61999977,1.0,1.0,0.03231166912850812,1.5171428242857143,14.285714285714285,False,True,True,1
778628,29/08/2017,29/08/2017,936,115882,30-34,M,29,35,30,4608.0,0,0.0,1.0,0.0,0.0,,0.0,False,False,False,0
782001,20/08/2017,20/08/2017,936,116479,30-34,M,24,30,28,5475.0,2,2.730000019,1.0,1.0,0.0365296803652968,1.3650000095,50.0,False,True,True,1
1121092,28/08/2017,28/08/2017,1178,144531,30-34,M,10,12,11,637648.0,67,122.4,13.0,5.0,0.010507364564775551,1.826865671641791,7.462686567164178,False,False,True,0
734854,19/08/2017,19/08/2017,936,108762,30-34,F,27,33,32,57022.0,13,20.29000032,3.0,3.0,0.02279821823155975,1.5607692553846155,23.076923076923077,False,True,True,1
734313,26/08/2017,26/08/2017,936,108672,30-34,M,36,38,38,790.0,0,0.0,1.0,1.0,0.0,,0.0,False,False,False,0
782658,23/08/2017,23/08/2017,936,116589,30-34,M,15,17,19,4827.0,0,0.0,1.0,0.0,0.0,,0.0,False,False,False,0
950878,19/08/2017,19/08/2017,936,123573,40-44,M,10,11,15,2967.0,1,1.5,1.0,1.0,0.03370407819346141,1.5,100.0,False,True,True,1
709761,18/08/2017,18/08/2017,916,104085,40-44,M,16,19,20,2861.0,0,0.0,1.0,0.0,0.0,,0.0,False,False,False,0
776892,30/08/2017,30/08/2017,936,115580,40-44,M,63,66,69,17488.0,5,7.719999909,1.0,0.0,0.028591033851784083,1.5439999818,0.0,False,True,False,0
776725,22/08/2017,22/08/2017,936,115552,40-44,M,23,26,27,2479.0,1,1.25999999,1.0,0.0,0.04033884630899556,1.25999999,0.0,False,True,False,0
776829,23/08/2017,23/08/2017,936,115569,45-49,M,16,20,19,140098.0,28,46.63000011,1.0,0.0,0.0199860097931448,1.6653571467857142,0.0,False,True,False,0
950745,18/08/2017,18/08/2017,936,123551,30-34,M,29,32,31,1514.0,0,0.0,2.0,2.0,0.0,,0.0,False,False,False,0
1121250,22/08/2017,22/08/2017,1178,144565,30-34,M,63,67,64,287976.0,31,59.43999982,3.0,2.0,0.010764785954385087,1.917419349032258,6.451612903225806,False,False,True,0
747903,24/08/2017,24/08/2017,936,110951,30-34,F,63,69,69,1491.0,0,0.0,1.0,1.0,0.0,,0.0,False,False,False,0
1121207,23/08/2017,23/08/2017,1178,144554,30-34,M,29,34,31,374175.0,38,63.32000101,8.0,3.0,0.010155675820137636,1.6663158160526315,7.894736842105263,False,True,True,1
777235,24/08/2017,24/08/2017,936,115637,30-34,M,65,66,67,2883.0,1,0.99000001,1.0,1.0,0.0346860908775581,0.99000001,100.0,False,True,True,1
1121251,23/08/2017,23/08/2017,1178,144565,30-34,M,63,65,69,212175.0,22,38.58999968,2.0,1.0,0.010368799340167314,1.7540908945454545,4.545454545454546,False,False,True,0
776489,21/08/2017,21/08/2017,936,115512,45-49,F,26,31,28,175389.0,55,81.60999787,1.0,0.0,0.031358865151178236,1.4838181430909092,0.0,False,True,False,0
782694,23/08/2017,23/08/2017,936,116595,35-39,F,29,31,35,29035.0,7,8.910000086,2.0,2.0,0.024108834165662132,1.2728571551428571,28.57142857142857,False,True,True,1
1121484,19/08/2017,19/08/2017,1178,144604,40-44,M,22,28,27,34453.0,5,7.710000038,1.0,1.0,0.014512524308478216,1.5420000076,20.0,False,True,True,1
777638,23/08/2017,23/08/2017,936,115717,40-44,M,7,10,12,1781.0,0,0.0,1.0,1.0,0.0,,0.0,False,False,False,0
777904,30/08/2017,30/08/2017,936,115762,30-34,M,31,32,33,3279.0,0,0.0,1.0,0.0,0.0,,0.0,False,False,False,0
1121265,22/08/2017,22/08/2017,1178,144568,30-34,M,65,70,68,145398.0,23,36.24000025,1.0,0.0,0.015818649499993124,1.5756521847826088,0.0,False,True,False,0
1121303,23/08/2017,23/08/2017,1178,144574,35-39,M,16,19,21,84494.0,7,12.57000017,2.0,0.0,0.008284611925107108,1.79571431,0.0,False,False,False,0
776336,26/08/2017,26/08/2017,936,115487,45-49,F,10,15,14,22216.0,6,9.549999952,1.0,0.0,0.02700756211739287,1.5916666586666668,0.0,False,True,False,0
781999,20/08/2017,20/08/2017,936,116479,30-34,M,24,30,29,9142.0,3,3.749999881,1.0,0.0,0.03281557646029316,1.2499999603333334,0.0,False,True,False,0
776643,23/08/2017,23/08/2017,936,115538,30-34,M,15,18,18,33491.0,6,10.56999969,2.0,1.0,0.017915260816338718,1.761666615,16.666666666666664,False,False,True,0
950550,19/08/2017,19/08/2017,936,123519,30-34,M,30,35,36,219.0,0,0.0,1.0,0.0,0.0,,0.0,False,False,False,0
747824,25/08/2017,25/08/2017,936,110938,30-34,F,21,24,23,608.0,0,0.0,1.0,1.0,0.0,,0.0,False,False,False,0
1121373,29/08/2017,29/08/2017,1178,144586,35-39,M,29,32,33,492784.0,56,95.5100013,7.0,4.0,0.011364005324848209,1.7055357375,7.142857142857142,False,True,True,1
778808,29/08/2017,29/08/2017,936,115912,30-34,M,26,28,29,1738.0,0,0.0,1.0,0.0,0.0,,0.0,False,False,False,0
747435,21/08/2017,21/08/2017,936,110873,35-39,M,28,29,30,1032.0,0,0.0,1.0,0.0,0.0,,0.0,False,False,False,0
776687,23/08/2017,23/08/2017,936,115545,40-44,M,16,20,20,8022.0,0,0.0,2.0,1.0,0.0,,0.0,False,False,False,0
1121390,29/08/2017,29/08/2017,1178,144588,35-39,M,31,32,36,15513.0,1,1.289999962,1.0,0.0,0.00644620640752917,1.289999962,0.0,False,True,False,0
734666,28/08/2017,28/08/2017,936,108730,45-49,M,19,24,20,371.0,0,0.0,1.0,0.0,0.0,,0.0,False,False,False,0
950068,23/08/2017,23/08/2017,936,123438,30-34,M,10,12,13,4012.0,1,1.570000052,1.0,0.0,0.024925224327018942,1.570000052,0.0,False,True,False,0
1121487,19/08/2017,19/08/2017,1178,144605,40-44,M,23,25,26,51550.0,8,14.03999984,1.0,0.0,0.015518913676042675,1.75499998,0.0,False,False,False,0
735189,21/08/2017,21/08/2017,936,108818,40-44,F,64,65,66,9965.0,3,4.050000072,1.0,0.0,0.030105368790767684,1.3500000239999999,0.0,False,True,False,0
736893,18/08/2017,18/08/2017,936,109452,30-34,M,16,17,17,3587.0,0,0.0,1.0,0.0,0.0,,0.0,False,False,False,0
1121410,24/08/2017,24/08/2017,1178,144592,35-39,M,64,68,70,24992.0,2,3.190000057,1.0,0.0,0.008002560819462228,1.5950000285,0.0,False,True,False,0
734999,20/08/2017,20/08/2017,936,108786,35-39,F,27,32,32,20277.0,6,8.050000072,1.0,0.0,0.029590176061547565,1.3416666786666667,0.0,False,True,False,0
1121309,23/08/2017,23/08/2017,1178,144575,35-39,M,18,24,20,131060.0,16,28.04999959,2.0,1.0,0.01220814893941706,1.753124974375,6.25,False,False,True,0
734925,20/08/2017,20/08/2017,936,108774,35-39,F,10,11,12,5024.0,1,1.409999967,1.0,1.0,0.019904458598726117,1.409999967,100.0,False,True,True,1
1121274,22/08/2017,22/08/2017,1178,144569,30-34,M,2,4,7,63785.0,7,11.80000019,6.0,2.0,0.010974367014188288,1.685714312857143,28.57142857142857,False,True,True,1
951033,19/08/2017,19/08/2017,936,123599,30-34,F,10,13,13,5517.0,1,1.230000019,1.0,0.0,0.018125793003443903,1.230000019,0.0,False,True,False,0
1121452,25/08/2017,25/08/2017,1178,144599,40-44,M,16,21,22,1663441.0,205,359.4700001,17.0,6.0,0.012323851582352486,1.7535121956097561,2.9268292682926833,False,False,False,0
950495,19/08/2017,19/08/2017,936,123509,45-49,M,21,25,25,1909.0,1,0.980000019,1.0,0.0,0.05238344683080147,0.980000019,0.0,False,True,False,0
950577,19/08/2017,19/08/2017,936,123523,30-34,M,32,38,34,540.0,0,0.0,1.0,1.0,0.0,,0.0,False,False,False,0
709023,29/08/2017,29/08/2017,916,103962,30-34,M,7,8,8,735.0,0,0.0,1.0,0.0,0.0,,0.0,False,False,False,0
710836,27/08/2017,27/08/2017,916,104265,30-34,F,29,33,31,22221.0,7,9.430000067,1.0,1.0,0.03150173259529274,1.3471428667142857,14.285714285714285,False,True,True,1
710763,29/08/2017,29/08/2017,916,104252,30-34,F,15,19,17,5369.0,1,1.50999999,1.0,0.0,0.018625442354255912,1.50999999,0.0,False,True,False,0
747645,21/08/2017,21/08/2017,936,110908,45-49,M,10,14,13,9674.0,3,4.600000024,1.0,1.0,0.03101095720487906,1.5333333413333332,33.33333333333333,False,True,True,1
1121374,29/08/2017,29/08/2017,1178,144586,35-39,M,29,34,35,327158.0,43,72.3100003,6.0,2.0,0.013143496414576444,1.6816279139534884,4.651162790697675,False,True,True,1
1121223,22/08/2017,22/08/2017,1178,144558,30-34,M,31,37,35,64020.0,5,11.0599997,1.0,0.0,0.0078100593564511085,2.21199994,0.0,False,False,False,0
1121243,22/08/2017,22/08/2017,1178,144562,30-34,M,36,42,42,53520.0,6,9.2299999,1.0,1.0,0.011210762331838564,1.5383333166666666,16.666666666666664,False,True,True,1
747852,24/08/2017,24/08/2017,936,110943,30-34,F,26,32,32,10126.0,3,4.619999886,1.0,0.0,0.02962670353545329,1.5399999619999998,0.0,False,True,False,0
1121364,30/08/2017,30/08/2017,1178,144584,35-39,M,27,30,28,274222.0,43,66.7700001,2.0,1.0,0.01568072583527215,1.5527907,2.3255813953488373,False,True,False,0
951941,25/08/2017,25/08/2017,936,123750,30-34,F,28,33,34,2764.0,1,1.559999943,1.0,1.0,0.0361794500723589,1.559999943,100.0,False,True,True,1
747828,25/08/2017,25/08/2017,936,110939,30-34,F,22,24,24,28488.0,10,9.340000033,1.0,0.0,0.035102499297950014,0.9340000033000001,0.0,False,True,False,0
1121102,25/08/2017,25/08/2017,1178,144532,30-34,M,15,18,20,357856.0,30,52.97000015,7.0,3.0,0.008383260305821335,1.7656666716666665,10.0,False,False,True,0
1121113,27/08/2017,27/08/2017,1178,144534,30-34,M,18,24,24,894911.0,120,215.8399994,7.0,4.0,0.013409154653367766,1.7986666616666667,3.3333333333333335,False,False,True,0
776799,22/08/2017,22/08/2017,936,115564,45-49,M,20,22,26,10257.0,3,3.579999924,1.0,1.0,0.029248318221702253,1.193333308,33.33333333333333,False,True,True,1
778737,30/08/2017,30/08/2017,936,115900,35-39,M,27,32,30,8077.0,2,3.579999924,1.0,1.0,0.02476166893648632,1.789999962,50.0,False,False,True,0
950078,22/08/2017,22/08/2017,936,123440,30-34,M,16,22,17,12396.0,2,3.210000038,2.0,1.0,0.016134236850596968,1.605000019,50.0,False,True,True,1
709105,30/08/2017,30/08/2017,916,103976,30-34,M,28,30,32,1241.0,0,0.0,1.0,1.0,0.0,,0.0,False,False,False,0
951464,21/08/2017,21/08/2017,936,123671,45-49,F,16,17,21,20997.0,10,11.94999981,1.0,0.0,0.0476258513120922,1.194999981,0.0,False,True,False,0
776793,22/08/2017,22/08/2017,936,115563,45-49,M,21,23,26,1609.0,0,0.0,1.0,0.0,0.0,,0.0,False,False,False,0
779608,29/08/2017,29/08/2017,936,116059,35-39,F,15,18,16,2459.0,0,0.0,1.0,0.0,0.0,,0.0,False,False,False,0
781559,18/08/2017,18/08/2017,936,116405,30-34,F,32,38,34,1783.0,0,0.0,1.0,0.0,0.0,,0.0,False,False,False,0
1121361,30/08/2017,30/08/2017,1178,144584,35-39,M,27,28,33,685781.0,103,177.8899992,10.0,1.0,0.015019372073592007,1.7270873708737864,0.9708737864077669,False,False,False,0
1121297,23/08/2017,23/08/2017,1178,144573,35-39,M,15,16,16,187329.0,29,53.15999961,2.0,1.0,0.015480785142716825,1.8331034348275863,3.4482758620689653,False,False,True,0
1121352,29/08/2017,29/08/2017,1178,144582,35-39,M,25,30,29,368986.0,59,100.289999,0.0,0.0,0.01598976654940838,1.6998304915254236,0.0,False,True,False,0
779609,29/08/2017,29/08/2017,936,116059,35-39,F,15,20,18,7116.0,2,1.730000019,1.0,1.0,0.028105677346824058,0.8650000095,50.0,False,True,True,1
1121541,21/08/2017,21/08/2017,1178,144614,40-44,M,32,33,37,56630.0,9,15.81000018,1.0,1.0,0.015892636411795866,1.7566666866666667,11.11111111111111,False,False,True,0
1121355,29/08/2017,29/08/2017,1178,144583,35-39,M,26,29,27,99961.0,14,23.2099998,1.0,0.0,0.014005462130230791,1.6578571285714285,0.0,False,True,False,0
708958,30/08/2017,30/08/2017,916,103952,30-34,M,28,32,31,9502.0,3,3.159999967,1.0,0.0,0.03157230056830141,1.0533333223333334,0.0,False,True,False,0
776696,22/08/2017,22/08/2017,936,115547,30-34,M,10,11,12,7966.0,1,1.179999948,1.0,1.0,0.012553351744915892,1.179999948,100.0,False,True,True,1
709326,18/08/2017,18/08/2017,916,104013,35-39,M,16,22,22,12190.0,2,3.049999952,1.0,0.0,0.016406890894175553,1.524999976,0.0,False,True,False,0
776476,21/08/2017,21/08/2017,936,115510,30-34,M,16,17,18,43756.0,5,5.439999938,0.0,0.0,0.011427004296553616,1.0879999876,0.0,False,True,False,0
1121095,28/08/2017,28/08/2017,1178,144531,30-34,M,10,16,12,459690.0,50,86.33000112,5.0,2.0,0.010876895299005852,1.7266000224000002,4.0,False,False,True,0
1121133,21/08/2017,21/08/2017,1178,144538,30-34,M,22,25,23,25002.0,1,1.710000038,1.0,0.0,0.003999680025597952,1.710000038,0.0,False,True,False,0
1121551,21/08/2017,21/08/2017,1178,144615,40-44,M,36,40,39,196253.0,32,55.10000002,1.0,0.0,0.01630548322828186,1.721875000625,0.0,False,False,False,0
1121097,29/08/2017,29/08/2017,1178,144532,30-34,M,15,18,18,30068.0,1,1.820000052,1.0,0.0,0.0033257948649727284,1.820000052,0.0,False,False,False,0
1121321,28/08/2017,28/08/2017,1178,144577,35-39,M,20,21,21,127476.0,21,30.15000057,3.0,2.0,0.0164736891650193,1.4357143128571428,9.523809523809524,False,True,True,1
748341,25/08/2017,25/08/2017,936,111024,45-49,F,64,67,68,1363.0,0,0.0,1.0,1.0,0.0,,0.0,False,False,False,0
951444,21/08/2017,21/08/2017,936,123668,30-34,F,25,28,26,2983.0,1,0.970000029,1.0,0.0,0.03352329869259135,0.970000029,0.0,False,True,False,0
735014,19/08/2017,19/08/2017,936,108788,35-39,F,29,34,30,12403.0,4,5.210000038,1.0,1.0,0.032250262033379024,1.3025000095,25.0,False,True,True,1
780655,24/08/2017,24/08/2017,936,116244,30-34,F,29,33,34,20941.0,4,5.909999967,1.0,1.0,0.019101284561386753,1.47749999175,25.0,False,True,True,1
1121261,22/08/2017,22/08/2017,1178,144567,30-34,M,64,67,65,103001.0,14,22.32000005,1.0,0.0,0.013592101047562644,1.594285717857143,0.0,False,True,False,0
1121330,28/08/2017,28/08/2017,1178,144578,35-39,M,21,23,22,21743.0,2,3.400000095,1.0,0.0,0.009198362691440923,1.7000000475,0.0,False,True,False,0
777625,24/08/2017,24/08/2017,936,115715,45-49,M,16,17,19,59433.0,12,19.65999949,3.0,0.0,0.020190803089192872,1.6383332908333335,0.0,False,True,False,0
747968,24/08/2017,24/08/2017,936,110962,35-39,F,21,27,24,512.0,0,0.0,0.0,0.0,0.0,,0.0,False,False,False,0
1121285,24/08/2017,24/08/2017,1178,144571,30-34,M,66,68,70,37187.0,4,6.370000005,1.0,0.0,0.010756447145507839,1.59250000125,0.0,False,True,False,0
1121252,23/08/2017,23/08/2017,1178,144565,30-34,M,63,69,67,11139.0,0,0.0,1.0,1.0,0.0,,0.0,False,False,False,0
747213,18/08/2017,18/08/2017,936,110836,30-34,M,10,12,11,1746.0,0,0.0,1.0,0.0,0.0,,0.0,False,False,False,0
734726,28/08/2017,28/08/2017,936,108740,45-49,M,29,30,35,10466.0,3,4.090000033,1.0,0.0,0.02866424613032677,1.3633333443333333,0.0,False,True,False,0
1121125,26/08/2017,26/08/2017,1178,144536,30-34,M,20,26,24,1034284.0,152,257.7099986,20.0,9.0,0.01469615695495628,1.6954605171052632,5.921052631578947,False,True,True,1
777261,24/08/2017,24/08/2017,936,115641,40-44,M,29,31,34,19603.0,4,5.279999971,1.0,1.0,0.020405040044891087,1.31999999275,25.0,False,True,True,1
734421,29/08/2017,29/08/2017,936,108690,35-39,M,27,29,32,10332.0,4,5.75,1.0,0.0,0.03871467286101432,1.4375,0.0,False,True,False,0
951021,19/08/2017,19/08/2017,936,123597,30-34,F,7,13,9,457.0,0,0.0,1.0,1.0,0.0,,0.0,False,False,False,0
748014,24/08/2017,24/08/2017,936,110970,35-39,F,29,31,35,11182.0,4,4.449999809,1.0,0.0,0.03577177606868181,1.11249995225,0.0,False,True,False,0
777187,30/08/2017,30/08/2017,936,115629,40-44,M,27,31,28,11292.0,3,5.389999866,1.0,1.0,0.026567481402763018,1.796666622,33.33333333333333,False,False,True,0
776615,23/08/2017,23/08/2017,936,115533,45-49,M,63,66,68,11988.0,3,4.269999862,1.0,0.0,0.025025025025025023,1.4233332873333333,0.0,False,True,False,0
734903,20/08/2017,20/08/2017,936,108770,30-34,F,64,69,67,5323.0,1,1.289999962,1.0,1.0,0.0187863986473793,1.289999962,100.0,False,True,True,1
1121369,30/08/2017,30/08/2017,1178,144585,35-39,M,28,33,31,826205.0,125,232.3700008,5.0,1.0,0.015129417033302872,1.8589600064,0.8,False,False,False,0
736995,21/08/2017,21/08/2017,936,109473,30-34,M,29,34,34,1888.0,0,0.0,1.0,0.0,0.0,,0.0,False,False,False,0
737657,18/08/2017,18/08/2017,936,109633,45-49,M,18,23,20,7478.0,2,2.900000095,1.0,1.0,0.02674511901577962,1.4500000475,50.0,False,True,True,1
1121300,23/08/2017,23/08/2017,1178,144573,35-39,M,15,16,17,782894.0,118,192.9299995,5.0,2.0,0.015072283093241231,1.634999995762712,1.694915254237288,False,True,False,0
777742,23/08/2017,23/08/2017,936,115735,35-39,M,64,69,68,4726.0,1,1.830000043,1.0,1.0,0.021159542953872196,1.830000043,100.0,False,False,True,0
776631,23/08/2017,23/08/2017,936,115536,40-44,M,29,35,33,10960.0,2,2.890000105,1.0,0.0,0.01824817518248175,1.4450000525,0.0,False,True,False,0
708746,17/08/2017,17/08/2017,916,103916,30-34,M,15,17,17,7350.0,1,1.429999948,2.0,1.0,0.013605442176870748,1.429999948,100.0,False,True,True,1
1121572,20/08/2017,20/08/2017,1178,144619,40-44,M,2,6,3,32574.0,5,7.480000019,1.0,0.0,0.015349665377294775,1.4960000038,0.0,False,True,False,0
1121273,22/08/2017,22/08/2017,1178,144569,30-34,M,2,4,4,9370.0,0,0.0,1.0,1.0,0.0,,0.0,False,False,False,0
1121370,29/08/2017,29/08/2017,1178,144585,35-39,M,28,33,32,550954.0,84,150.1400012,3.0,0.0,0.0152462819037524,1.7873809666666667,0.0,False,False,False,0
782754,23/08/2017,23/08/2017,936,116605,35-39,F,26,31,32,6532.0,1,1.610000014,1.0,0.0,0.015309246785058175,1.610000014,0.0,False,True,False,0
777382,25/08/2017,25/08/2017,936,115675,40-44,M,24,26,27,3047.0,1,1.379999995,1.0,0.0,0.03281916639317361,1.379999995,0.0,False,True,False,0
1121246,22/08/2017,22/08/2017,1178,144562,30-34,M,36,41,38,105047.0,13,20.2099994,3.0,1.0,0.01237541291041153,1.5546153384615384,7.6923076923076925,False,True,True,1
736988,21/08/2017,21/08/2017,936,109472,30-34,M,28,29,29,3891.0,1,1.090000033,1.0,0.0,0.02570033410434336,1.090000033,0.0,False,True,False,0
776534,21/08/2017,21/08/2017,936,115520,45-49,F,63,69,67,15105.0,3,4.25999999,1.0,0.0,0.019860973187686197,1.4199999966666665,0.0,False,True,False,0
1121291,24/08/2017,24/08/2017,1178,144572,35-39,M,10,16,14,52553.0,5,8.529999852,1.0,0.0,0.009514204707628489,1.7059999704,0.0,False,True,False,0
781187,18/08/2017,18/08/2017,936,116343,40-44,F,16,22,19,164118.0,41,59.06999993,1.0,0.0,0.024982025128261375,1.4407317056097562,0.0,False,True,False,0
781606,18/08/2017,18/08/2017,936,116413,35-39,M,20,21,24,8200.0,3,3.919999957,1.0,0.0,0.036585365853658534,1.3066666523333332,0.0,False,True,False,0
777201,23/08/2017,23/08/2017,936,115631,30-34,M,64,69,65,1882.0,0,0.0,1.0,1.0,0.0,,0.0,False,False,False,0
778626,29/08/2017,29/08/2017,936,115882,30-34,M,29,33,35,7629.0,1,0.720000029,1.0,1.0,0.013107877834578582,0.720000029,100.0,False,True,True,1
1121100,29/08/2017,29/08/2017,1178,144532,30-34,M,15,20,17,3052003.0,340,639.9499981,60.0,17.0,0.011140224960460392,1.8822058767647059,5.0,False,False,True,0
738560,19/08/2017,19/08/2017,936,109844,40-44,F,64,70,66,1338.0,0,0.0,1.0,0.0,0.0,,0.0,False,False,False,0
951043,19/08/2017,19/08/2017,936,123601,30-34,F,16,22,17,3189.0,0,0.0,1.0,0.0,0.0,,0.0,False,False,False,0
950787,18/08/2017,18/08/2017,936,123558,30-34,M,27,32,30,199.0,0,0.0,1.0,0.0,0.0,,0.0,False,False,False,0
1121418,23/08/2017,23/08/2017,1178,144593,35-39,M,65,71,70,192810.0,41,61.92999995,4.0,3.0,0.02126445723769514,1.5104878036585367,7.317073170731707,False,True,True,1
1121152,20/08/2017,20/08/2017,1178,144541,30-34,M,24,29,28,88443.0,7,13.0400002,1.0,1.0,0.007914702124532184,1.8628571714285713,14.285714285714285,False,False,True,0
777130,30/08/2017,30/08/2017,936,115619,35-39,M,16,21,22,6260.0,0,0.0,1.0,0.0,0.0,,0.0,False,False,False,0
1121122,25/08/2017,25/08/2017,1178,144536,30-34,M,20,21,25,399199.0,58,103.1500002,3.0,0.0,0.014529094511759799,1.7784482793103447,0.0,False,False,False,0
778264,27/08/2017,27/08/2017,936,115822,40-44,F,27,31,30,8152.0,1,0.99000001,1.0,0.0,0.01226692836113837,0.99000001,0.0,False,True,False,0
778422,27/08/2017,27/08/2017,936,115848,40-44,F,20,25,24,11911.0,4,3.959999919,1.0,0.0,0.033582402820921835,0.98999997975,0.0,False,True,False,0
782180,19/08/2017,19/08/2017,936,116509,30-34,M,29,34,30,3396.0,0,0.0,1.0,0.0,0.0,,0.0,False,False,False,0
710961,27/08/2017,27/08/2017,916,104285,35-39,F,25,29,26,2508.0,1,1.220000029,1.0,0.0,0.03987240829346093,1.220000029,0.0,False,True,False,0
779944,21/08/2017,21/08/2017,936,116115,35-39,M,10,13,16,2549.0,0,0.0,1.0,0.0,0.0,,0.0,False,False,False,0
951400,21/08/2017,21/08/2017,936,123660,45-49,F,10,12,15,24028.0,9,12.39000034,2.0,0.0,0.03745630098218745,1.3766667044444445,0.0,False,True,False,0
776831,22/08/2017,22/08/2017,936,115569,45-49,M,16,18,20,107021.0,20,34.44000012,1.0,0.0,0.018687921062221433,1.722000006,0.0,False,False,False,0
748230,26/08/2017,26/08/2017,936,111006,45-49,F,16,17,20,83929.0,21,27.72999954,4.0,1.0,0.025021148828176194,1.3204761685714286,4.761904761904762,False,True,True,1
1121593,26/08/2017,26/08/2017,1178,144622,45-49,M,10,16,16,1177535.0,221,365.6600009,15.0,3.0,0.018768019634235925,1.6545701398190045,1.3574660633484164,False,True,False,0
1121322,28/08/2017,28/08/2017,1178,144577,35-39,M,20,22,24,237603.0,37,62.25000024,5.0,2.0,0.015572193953780044,1.682432438918919,5.405405405405405,False,True,True,1
735242,18/08/2017,18/08/2017,936,108826,45-49,F,19,25,21,530.0,0,0.0,1.0,0.0,0.0,,0.0,False,False,False,0
734272,26/08/2017,26/08/2017,936,108665,30-34,M,26,32,29,1030.0,0,0.0,1.0,0.0,0.0,,0.0,False,False,False,0
1121193,23/08/2017,23/08/2017,1178,144552,30-34,M,28,34,29,57781.0,5,7.800000072,2.0,1.0,0.008653363562416711,1.5600000144,20.0,False,True,True,1
951641,20/08/2017,20/08/2017,936,123700,40-44,F,2,4,7,87.0,0,0.0,1.0,1.0,0.0,,0.0,False,False,False,0
735140,19/08/2017,19/08/2017,936,108809,40-44,F,26,27,31,6907.0,2,2.349999964,1.0,0.0,0.02895613146083683,1.174999982,0.0,False,True,False,0
950179,22/08/2017,22/08/2017,936,123457,30-34,M,16,22,19,3423.0,0,0.0,1.0,1.0,0.0,,0.0,False,False,False,0
1121405,24/08/2017,24/08/2017,1178,144591,35-39,M,63,66,69,20959.0,2,3.769999981,1.0,1.0,0.009542440001908488,1.8849999905,50.0,False,False,True,0
1121282,24/08/2017,24/08/2017,1178,144570,30-34,M,7,11,10,185823.0,25,38.54999936,4.0,1.0,0.013453662894259592,1.5419999744000001,4.0,False,True,True,1
950463,19/08/2017,19/08/2017,936,123504,45-49,M,15,19,18,818.0,0,0.0,1.0,0.0,0.0,,0.0,False,False,False,0
747859,24/08/2017,24/08/2017,936,110944,30-34,F,27,32,33,22572.0,5,8.5,1.0,0.0,0.022151337940811627,1.7,0.0,False,True,False,0
778156,28/08/2017,28/08/2017,936,115804,30-34,M,28,32,31,9388.0,2,3.140000105,1.0,0.0,0.021303792074989347,1.5700000525,0.0,False,True,False,0
1121296,23/08/2017,23/08/2017,1178,144573,35-39,M,15,17,19,180351.0,21,37.13000011,1.0,1.0,0.011643960942828152,1.7680952433333332,4.761904761904762,False,False,True,0
1121592,20/08/2017,20/08/2017,1178,144622,45-49,M,10,14,11,428812.0,66,116.8800001,4.0,2.0,0.015391360316409055,1.7709090924242425,3.0303030303030303,False,False,True,0
1121523,18/08/2017,18/08/2017,1178,144611,40-44,M,29,32,34,76923.0,11,17.67000008,2.0,2.0,0.014300014300014301,1.6063636436363637,18.181818181818183,False,True,True,1
738606,21/08/2017,21/08/2017,936,109852,45-49,F,19,20,23,529.0,0,0.0,1.0,0.0,0.0,,0.0,False,False,False,0
737644,21/08/2017,21/08/2017,936,109629,45-49,M,16,22,17,45401.0,10,14.06000042,1.0,0.0,0.022025946565053633,1.406000042,0.0,False,True,False,0
1121264,30/08/2017,30/08/2017,1178,144567,30-34,M,64,70,67,93015.0,12,18.47000015,1.0,0.0,0.012901144976616674,1.5391666791666667,0.0,False,True,False,0
1121367,30/08/2017,30/08/2017,1178,144585,35-39,M,28,31,29,1447755.0,233,420.5799983,11.0,8.0,0.016093883288263555,1.805064370386266,3.4334763948497855,False,False,True,0
747991,24/08/2017,24/08/2017,936,110966,35-39,F,25,31,27,4868.0,2,2.420000076,1.0,0.0,0.041084634346754315,1.210000038,0.0,False,True,False,0
952031,25/08/2017,25/08/2017,936,123765,40-44,F,16,17,17,28169.0,8,12.36999989,1.0,1.0,0.028400014200007102,1.54624998625,12.5,False,True,True,1
951392,20/08/2017,20/08/2017,936,123659,30-34,F,28,31,32,2749.0,1,1.389999986,1.0,0.0,0.036376864314296105,1.389999986,0.0,False,True,False,0
782816,23/08/2017,23/08/2017,936,116615,40-44,F,10,13,11,12183.0,3,2.869999945,1.0,0.0,0.02462447672986949,0.9566666483333334,0.0,False,True,False,0
1121568,20/08/2017,20/08/2017,1178,144618,40-44,M,65,70,70,188440.0,40,60.72999966,2.0,1.0,0.021226915729144556,1.5182499914999998,2.5,False,True,False,0
782862,23/08/2017,23/08/2017,936,116623,35-39,F,64,70,67,5912.0,1,1.559999943,1.0,1.0,0.016914749661705007,1.559999943,100.0,False,True,True,1
778689,30/08/2017,30/08/2017,936,115892,30-34,M,28,32,32,7453.0,1,1.679999948,1.0,1.0,0.013417415805715819,1.679999948,100.0,False,True,True,1
780104,21/08/2017,21/08/2017,936,116147,30-34,F,25,27,26,4971.0,1,1.230000019,1.0,1.0,0.020116676725005028,1.230000019,100.0,False,True,True,1
1121443,25/08/2017,25/08/2017,1178,144597,40-44,M,10,12,15,463813.0,69,116.3399996,4.0,2.0,0.014876685215808958,1.6860869507246377,2.898550724637681,False,True,False,0
738463,20/08/2017,20/08/2017,936,109826,40-44,F,21,23,24,542.0,0,0.0,1.0,0.0,0.0,,0.0,False,False,False,0
951465,21/08/2017,21/08/2017,936,123671,45-49,F,16,18,17,4617.0,1,1.360000014,1.0,0.0,0.021659085986571368,1.360000014,0.0,False,True,False,0
738436,19/08/2017,19/08/2017,936,109820,40-44,F,19,21,20,9112.0,4,5.460000038,1.0,1.0,0.043898156277436345,1.3650000095,25.0,False,True,True,1
781858,18/08/2017,18/08/2017,936,116455,30-34,M,20,25,22,3385.0,1,1.440000057,1.0,1.0,0.029542097488921712,1.440000057,100.0,False,True,True,1
951334,18/08/2017,18/08/2017,936,123649,30-34,F,64,70,69,3717.0,1,1.539999962,1.0,0.0,0.026903416733925208,1.539999962,0.0,False,True,False,0
778674,29/08/2017,29/08/2017,936,115890,35-39,M,29,31,30,3732.0,0,0.0,1.0,0.0,0.0,,0.0,False,False,False,0
709183,30/08/2017,30/08/2017,916,103989,35-39,M,16,20,22,21026.0,4,4.630000114,2.0,1.0,0.019024065442785124,1.1575000285,25.0,False,True,True,1
747790,24/08/2017,24/08/2017,936,110932,30-34,F,10,12,14,2077.0,0,0.0,1.0,1.0,0.0,,0.0,False,False,False,0
1121290,24/08/2017,24/08/2017,1178,144572,35-39,M,10,13,12,770749.0,100,189.1299984,13.0,3.0,0.01297439244163794,1.891299984,3.0,False,False,False,0
778471,27/08/2017,27/08/2017,936,115856,30-34,M,32,35,36,1273.0,0,0.0,1.0,1.0,0.0,,0.0,False,False,False,0
781470,18/08/2017,18/08/2017,936,116391,35-39,M,16,17,18,6016.0,0,0.0,1.0,0.0,0.0,,0.0,False,False,False,0
1121454,25/08/2017,25/08/2017,1178,144599,40-44,M,16,22,20,75589.0,6,10.66000009,1.0,1.0,0.00793766288745717,1.7766666816666667,16.666666666666664,False,False,True,0
709038,29/08/2017,29/08/2017,916,103965,30-34,M,16,20,22,5117.0,0,0.0,1.0,0.0,0.0,,0.0,False,False,False,0
782026,21/08/2017,21/08/2017,936,116483,30-34,F,18,24,20,5704.0,1,1.320000052,1.0,0.0,0.01753155680224404,1.320000052,0.0,False,True,False,0
782130,21/08/2017,21/08/2017,936,116501,30-34,F,16,18,21,7301.0,0,0.0,1.0,0.0,0.0,,0.0,False,False,False,0
778161,27/08/2017,27/08/2017,936,115804,30-34,M,28,31,33,17954.0,6,7.5400002,2.0,1.0,0.03341873677175003,1.2566667,16.666666666666664,False,True,True,1
780199,22/08/2017,22/08/2017,936,116163,35-39,F,23,28,27,1030.0,0,0.0,1.0,1.0,0.0,,0.0,False,False,False,0
709455,18/08/2017,18/08/2017,916,104034,35-39,M,7,12,10,559.0,0,0.0,1.0,0.0,0.0,,0.0,False,False,False,0
1121184,22/08/2017,22/08/2017,1178,144549,30-34,M,27,31,29,283858.0,30,56.05999923,1.0,0.0,0.01056866461399714,1.8686666410000001,0.0,False,False,False,0
747675,25/08/2017,25/08/2017,936,110913,45-49,M,20,22,21,673.0,0,0.0,1.0,0.0,0.0,,0.0,False,False,False,0
710617,18/08/2017,18/08/2017,916,104228,30-34,F,15,19,16,5014.0,1,1.190000057,1.0,0.0,0.01994415636218588,1.190000057,0.0,False,True,False,0
951542,20/08/2017,20/08/2017,936,123684,40-44,F,27,32,28,357.0,0,0.0,1.0,0.0,0.0,,0.0,False,False,False,0
776668,22/08/2017,22/08/2017,936,115542,40-44,M,19,21,24,3523.0,1,1.809999943,1.0,1.0,0.02838489923360772,1.809999943,100.0,False,False,True,0
778085,28/08/2017,28/08/2017,936,115792,30-34,M,26,32,31,11735.0,3,4.529999971,1.0,1.0,0.025564550489987216,1.5099999903333332,33.33333333333333,False,True,True,1
1121316,28/08/2017,28/08/2017,1178,144576,35-39,M,19,23,23,447952.0,68,131.5799983,8.0,1.0,0.015180197878344109,1.934999975,1.4705882352941175,False,False,False,0
782275,19/08/2017,19/08/2017,936,116525,30-34,F,29,31,30,6475.0,1,1.350000024,1.0,0.0,0.015444015444015444,1.350000024,0.0,False,True,False,0
1121096,28/08/2017,28/08/2017,1178,144531,30-34,M,10,11,16,750060.0,86,161.9099991,11.0,2.0,0.01146574940671413,1.8826744081395348,2.3255813953488373,False,False,False,0
777198,30/08/2017,30/08/2017,936,115631,30-34,M,64,70,69,12729.0,4,5.779999852,1.0,0.0,0.031424306701233404,1.444999963,0.0,False,True,False,0
1121216,22/08/2017,22/08/2017,1178,144556,30-34,M,30,32,34,198658.0,30,48.60999978,8.0,1.0,0.01510132992378862,1.6203333260000001,3.3333333333333335,False,True,True,1
747220,18/08/2017,18/08/2017,936,110837,30-34,M,15,17,16,2474.0,0,0.0,2.0,2.0,0.0,,0.0,False,False,False,0
737658,18/08/2017,18/08/2017,936,109633,45-49,M,18,19,24,4919.0,1,1.590000033,1.0,0.0,0.020329335230737954,1.590000033,0.0,False,True,False,0
1121126,26/08/2017,26/08/2017,1178,144536,30-34,M,20,21,24,45923.0,5,7.220000148,2.0,0.0,0.010887790431809768,1.4440000296,0.0,False,True,False,0
779716,22/08/2017,22/08/2017,936,116077,30-34,F,29,32,34,8044.0,1,1.110000014,1.0,0.0,0.012431626056688214,1.110000014,0.0,False,True,False,0
777670,23/08/2017,23/08/2017,936,115723,40-44,M,16,19,19,23769.0,4,6.029999852,1.0,0.0,0.016828642349278472,1.507499963,0.0,False,True,False,0
736890,18/08/2017,18/08/2017,936,109451,30-34,M,15,16,20,2522.0,0,0.0,1.0,0.0,0.0,,0.0,False,False,False,0
1121584,20/08/2017,20/08/2017,1178,144621,40-44,M,66,67,67,33154.0,5,7.879999995,1.0,1.0,0.015081136514447728,1.575999999,20.0,False,True,True,1
747791,25/08/2017,25/08/2017,936,110932,30-34,F,10,14,13,31393.0,8,10.96000051,1.0,1.0,0.025483388016436785,1.37000006375,12.5,False,True,True,1
780511,23/08/2017,23/08/2017,936,116220,30-34,F,63,65,66,6175.0,1,1.370000005,2.0,1.0,0.016194331983805668,1.370000005,100.0,False,True,True,1
1121229,22/08/2017,22/08/2017,1178,144561,30-34,M,32,36,37,404866.0,43,87.42000079,4.0,0.0,0.010620797992422184,2.033023274186047,0.0,False,False,False,0
734243,26/08/2017,26/08/2017,936,108660,30-34,M,21,23,24,739.0,0,0.0,1.0,1.0,0.0,,0.0,False,False,False,0
1121101,28/08/2017,28/08/2017,1178,144532,30-34,M,15,17,21,29945.0,1,1.590000033,2.0,1.0,0.0033394556687259976,1.590000033,100.0,False,True,True,1
776477,21/08/2017,21/08/2017,936,115510,30-34,M,16,22,17,9982.0,0,0.0,1.0,0.0,0.0,,0.0,False,False,False,0
777410,25/08/2017,25/08/2017,936,115679,45-49,M,26,29,28,3490.0,1,1.340000033,1.0,1.0,0.028653295128939826,1.340000033,100.0,False,True,True,1
709124,30/08/2017,30/08/2017,916,103979,30-34,M,31,34,33,1024.0,0,0.0,1.0,1.0,0.0,,0.0,False,False,False,0
951608,20/08/2017,20/08/2017,936,123695,40-44,F,10,15,13,3149.0,1,1.480000019,1.0,0.0,0.031756113051762465,1.480000019,0.0,False,True,False,0
778722,30/08/2017,30/08/2017,936,115898,35-39,F,64,70,67,41785.0,14,19.10000038,1.0,0.0,0.033504846236687806,1.3642857414285714,0.0,False,True,False,0
776780,22/08/2017,22/08/2017,936,115561,40-44,M,2,4,3,3812.0,2,3.049999952,1.0,0.0,0.05246589716684155,1.524999976,0.0,False,True,False,0
951856,25/08/2017,25/08/2017,936,123736,30-34,F,20,23,21,4626.0,2,2.099999905,2.0,0.0,0.043233895373973194,1.0499999525,0.0,False,True,False,0
1121185,23/08/2017,23/08/2017,1178,144549,30-34,M,27,28,29,260699.0,31,54.09999871,5.0,2.0,0.011891108136203055,1.7451612487096775,6.451612903225806,False,False,True,0
1121511,18/08/2017,18/08/2017,1178,144609,40-44,M,27,29,32,252991.0,49,76.83999932,3.0,0.0,0.019368277922930065,1.5681632514285715,0.0,False,True,False,0
748086,25/08/2017,25/08/2017,936,110982,40-44,F,16,19,18,34127.0,8,13.07000017,1.0,0.0,0.023441849561930433,1.63375002125,0.0,False,True,False,0
736977,18/08/2017,18/08/2017,936,109470,30-34,M,27,30,28,1273.0,0,0.0,1.0,0.0,0.0,,0.0,False,False,False,0
1121381,29/08/2017,29/08/2017,1178,144587,35-39,M,30,31,36,95691.0,15,25.26000011,1.0,1.0,0.015675455371978557,1.6840000073333334,6.666666666666667,False,True,True,1
1121561,21/08/2017,21/08/2017,1178,144617,40-44,M,64,69,70,63660.0,11,16.47000003,1.0,1.0,0.017279296261388626,1.4972727300000002,9.090909090909092,False,True,True,1
735032,19/08/2017,19/08/2017,936,108791,35-39,F,32,33,34,498.0,0,0.0,1.0,1.0,0.0,,0.0,False,False,False,0
747863,24/08/2017,24/08/2017,936,110944,30-34,F,27,30,33,1955.0,0,0.0,1.0,1.0,0.0,,0.0,False,False,False,0
778113,28/08/2017,28/08/2017,936,115796,35-39,M,29,35,35,4595.0,0,0.0,1.0,0.0,0.0,,0.0,False,False,False,0
1121138,21/08/2017,21/08/2017,1178,144538,30-34,M,22,26,24,328991.0,35,67.65000057,5.0,2.0,0.010638588897568626,1.9328571591428572,5.714285714285714,False,False,True,0
1121224,23/08/2017,23/08/2017,1178,144558,30-34,M,31,32,33,14289.0,0,0.0,1.0,0.0,0.0,,0.0,False,False,False,0
1121114,27/08/2017,27/08/2017,1178,144534,30-34,M,18,23,23,31349.0,2,3.800000072,1.0,0.0,0.006379788828989761,1.900000036,0.0,False,False,False,0
1121110,26/08/2017,26/08/2017,1178,144534,30-34,M,18,20,22,880814.0,123,210.3600006,6.0,2.0,0.013964355698251843,1.7102439073170732,1.6260162601626018,False,True,False,0
1121380,29/08/2017,29/08/2017,1178,144587,35-39,M,30,35,32,131091.0,18,34.23000026,3.0,1.0,0.013730919742774102,1.901666681111111,5.555555555555555,False,False,True,0
952080,29/08/2017,29/08/2017,936,123774,40-44,F,27,30,30,415.0,0,0.0,1.0,0.0,0.0,,0.0,False,False,False,0
708820,17/08/2017,17/08/2017,916,103929,30-34,M,29,30,30,1915.0,0,0.0,1.0,1.0,0.0,,0.0,False,False,False,0
1121554,21/08/2017,21/08/2017,1178,144616,40-44,M,63,64,66,51858.0,8,12.63000011,1.0,1.0,0.01542674225770373,1.57875001375,12.5,False,True,True,1
710880,26/08/2017,26/08/2017,916,104272,30-34,F,65,70,68,13019.0,5,6.960000038,1.0,0.0,0.038405407481373374,1.3920000076,0.0,False,True,False,0
1121350,29/08/2017,29/08/2017,1178,144582,35-39,M,25,27,31,75804.0,10,17.36999965,2.0,1.0,0.013191915993878952,1.736999965,10.0,False,False,True,0
1121205,23/08/2017,23/08/2017,1178,144554,30-34,M,29,32,30,297452.0,30,52.01999986,4.0,1.0,0.010085660879738579,1.7339999953333334,3.3333333333333335,False,False,True,0
747712,24/08/2017,24/08/2017,936,110919,45-49,M,26,30,29,450.0,0,0.0,1.0,1.0,0.0,,0.0,False,False,False,0
709115,30/08/2017,30/08/2017,916,103978,30-34,M,30,34,31,2305.0,1,0.569999993,1.0,0.0,0.04338394793926247,0.569999993,0.0,False,True,False,0
711217,27/08/2017,27/08/2017,916,104328,35-39,F,20,26,23,2783.0,1,1.600000024,1.0,0.0,0.035932446999640676,1.600000024,0.0,False,True,False,0
1121527,19/08/2017,19/08/2017,1178,144611,40-44,M,29,35,35,741143.0,120,179.620001,4.0,1.0,0.01619120736484052,1.4968333416666666,0.8333333333333334,False,True,False,0
1121433,24/08/2017,24/08/2017,1178,144596,35-39,M,66,69,72,80248.0,15,24.1900003,1.0,1.0,0.018692054630645,1.6126666866666668,6.666666666666667,False,True,True,1
708815,30/08/2017,30/08/2017,916,103928,30-34,M,28,32,32,4259.0,1,1.25,1.0,0.0,0.023479690068091103,1.25,0.0,False,True,False,0
1121132,21/08/2017,21/08/2017,1178,144537,30-34,M,21,23,27,114923.0,12,23.73000026,4.0,2.0,0.010441774057412354,1.9775000216666667,16.666666666666664,False,False,True,0
951810,24/08/2017,24/08/2017,936,123729,35-39,F,16,17,22,2226.0,0,0.0,1.0,0.0,0.0,,0.0,False,False,False,0
778590,28/08/2017,28/08/2017,936,115876,30-34,M,30,36,36,1371.0,0,0.0,1.0,1.0,0.0,,0.0,False,False,False,0
1121115,26/08/2017,26/08/2017,1178,144535,30-34,M,19,21,21,410310.0,55,96.80000055,3.0,0.0,0.01340449903731325,1.76000001,0.0,False,False,False,0
950531,19/08/2017,19/08/2017,936,123515,45-49,M,22,24,26,572.0,0,0.0,1.0,0.0,0.0,,0.0,False,False,False,0
1121442,25/08/2017,25/08/2017,1178,144597,40-44,M,10,15,14,131637.0,18,29.30999982,2.0,1.0,0.01367396704573942,1.6283333233333335,5.555555555555555,False,True,True,1
777519,24/08/2017,24/08/2017,936,115697,45-49,M,29,34,32,19537.0,5,6.099999905,1.0,0.0,0.025592465578133796,1.219999981,0.0,False,True,False,0
735043,18/08/2017,18/08/2017,936,108793,35-39,F,63,65,69,1357.0,0,0.0,1.0,1.0,0.0,,0.0,False,False,False,0
777627,23/08/2017,23/08/2017,936,115715,45-49,M,16,17,19,157534.0,33,56.19000077,2.0,0.0,0.020947858874909544,1.702727296060606,0.0,False,True,False,0
1121437,24/08/2017,24/08/2017,1178,144596,35-39,M,66,68,68,38580.0,5,8.519999981,1.0,0.0,0.012960082944530845,1.7039999961999999,0.0,False,True,False,0
776515,21/08/2017,21/08/2017,936,115517,45-49,F,65,68,68,12706.0,3,4.98999989,1.0,1.0,0.023610892491736188,1.6633332966666667,33.33333333333333,False,True,True,1
709544,18/08/2017,18/08/2017,916,104049,35-39,M,29,33,32,7440.0,2,2.980000019,1.0,1.0,0.026881720430107527,1.4900000095,50.0,False,True,True,1
1121255,22/08/2017,22/08/2017,1178,144565,30-34,M,63,64,67,20423.0,1,1.960000038,1.0,0.0,0.0048964402879106885,1.960000038,0.0,False,False,False,0
776861,22/08/2017,22/08/2017,936,115574,45-49,M,7,9,12,16461.0,6,9.21999979,1.0,0.0,0.03644979041370512,1.5366666316666666,0.0,False,True,False,0
950182,22/08/2017,22/08/2017,936,123457,30-34,M,16,20,19,3242.0,0,0.0,1.0,0.0,0.0,,0.0,False,False,False,0
711764,27/08/2017,27/08/2017,916,104419,45-49,F,10,16,11,11199.0,4,5.730000019,1.0,1.0,0.035717474774533436,1.43250000475,25.0,False,True,True,1
780681,24/08/2017,24/08/2017,936,116248,30-34,F,26,29,29,4073.0,0,0.0,1.0,1.0,0.0,,0.0,False,False,False,0
776538,21/08/2017,21/08/2017,936,115521,30-34,F,15,16,19,8774.0,1,1.830000043,1.0,0.0,0.011397310234784592,1.830000043,0.0,False,False,False,0
710571,18/08/2017,18/08/2017,916,104220,30-34,F,32,37,38,3091.0,1,1.610000014,1.0,1.0,0.03235198964736331,1.610000014,100.0,False,True,True,1
747248,21/08/2017,21/08/2017,936,110842,30-34,M,21,24,24,472.0,0,0.0,1.0,1.0,0.0,,0.0,False,False,False,0
776623,23/08/2017,23/08/2017,936,115535,45-49,M,64,69,65,19353.0,6,9.4799999,1.0,1.0,0.031002945279801578,1.5799999833333331,16.666666666666664,False,True,True,1
1121514,18/08/2017,18/08/2017,1178,144609,40-44,M,27,31,30,56265.0,9,15.53999972,1.0,0.0,0.015995734470807786,1.7266666355555556,0.0,False,False,False,0
780867,23/08/2017,23/08/2017,936,116285,30-34,F,21,27,26,4706.0,1,1.220000029,1.0,0.0,0.021249468763280918,1.220000029,0.0,False,True,False,0
951035,19/08/2017,19/08/2017,936,123599,30-34,F,10,15,12,1539.0,0,0.0,1.0,1.0,0.0,,0.0,False,False,False,0
780799,23/08/2017,23/08/2017,936,116273,30-34,F,22,24,26,44699.0,13,17.30000037,2.0,0.0,0.029083424685115995,1.3307692592307692,0.0,False,True,False,0
950345,23/08/2017,23/08/2017,936,123484,30-34,M,64,66,65,616.0,0,0.0,1.0,0.0,0.0,,0.0,False,False,False,0
1121524,18/08/2017,18/08/2017,1178,144611,40-44,M,29,30,35,209332.0,30,49.60000014,3.0,1.0,0.014331301473257792,1.653333338,3.3333333333333335,False,True,True,1
747798,25/08/2017,25/08/2017,936,110934,30-34,F,16,21,20,25884.0,5,7.350000143,1.0,0.0,0.019316952557564517,1.4700000286,0.0,False,True,False,0
1121340,27/08/2017,27/08/2017,1178,144580,35-39,M,23,27,28,140147.0,24,42.08000016,2.0,0.0,0.017124876023032958,1.75333334,0.0,False,False,False,0
737674,20/08/2017,20/08/2017,936,109637,45-49,M,20,21,24,533.0,0,0.0,1.0,1.0,0.0,,0.0,False,False,False,0
1121284,24/08/2017,24/08/2017,1178,144571,30-34,M,66,68,70,175631.0,23,40.75999951,1.0,0.0,0.013095638013790276,1.7721738917391305,0.0,False,False,False,0
748225,26/08/2017,26/08/2017,936,111005,45-49,F,15,16,17,18602.0,5,8.860000134,1.0,0.0,0.026878830233308247,1.7720000268,0.0,False,False,False,0
1121342,28/08/2017,28/08/2017,1178,144580,35-39,M,23,29,27,104869.0,18,34.07000089,1.0,0.0,0.017164271615062603,1.8927778272222224,0.0,False,False,False,0
1121359,29/08/2017,29/08/2017,1178,144583,35-39,M,26,28,27,7573.0,0,0.0,1.0,0.0,0.0,,0.0,False,False,False,0
781207,18/08/2017,18/08/2017,936,116347,35-39,F,64,67,70,2755.0,0,0.0,1.0,0.0,0.0,,0.0,False,False,False,0
951715,20/08/2017,20/08/2017,936,123713,45-49,F,64,65,65,10677.0,5,7.269999981,1.0,0.0,0.04682963379226374,1.4539999961999999,0.0,False,True,False,0
1121104,25/08/2017,25/08/2017,1178,144533,30-34,M,16,20,20,2080666.0,202,360.1500015,40.0,21.0,0.009708429896965683,1.7829207995049503,10.396039603960396,False,False,True,0
1121117,26/08/2017,26/08/2017,1178,144535,30-34,M,19,24,25,98759.0,15,26.56999946,1.0,1.0,0.015188489150355918,1.7713332973333331,6.666666666666667,False,False,True,0
1121526,19/08/2017,19/08/2017,1178,144611,40-44,M,29,35,32,526209.0,85,126.9299996,3.0,2.0,0.016153277500004753,1.4932941129411765,2.3529411764705883,False,True,False,0
1121317,28/08/2017,28/08/2017,1178,144576,35-39,M,19,25,23,76355.0,9,14.62999988,2.0,0.0,0.011787047344640167,1.625555542222222,0.0,False,True,False,0
1121353,30/08/2017,30/08/2017,1178,144582,35-39,M,25,30,27,28194.0,3,3.709999919,2.0,0.0,0.010640561821664184,1.2366666396666666,0.0,False,True,False,0
734418,29/08/2017,29/08/2017,936,108689,35-39,M,26,27,28,591.0,0,0.0,1.0,0.0,0.0,,0.0,False,False,False,0
1121525,18/08/2017,18/08/2017,1178,144611,40-44,M,29,32,33,214094.0,31,53.26999903,1.0,0.0,0.014479621101011706,1.718387065483871,0.0,False,True,False,0
747401,21/08/2017,21/08/2017,936,110867,35-39,M,22,25,25,2793.0,1,0.980000019,1.0,1.0,0.03580379520229145,0.980000019,100.0,False,True,True,1
1121128,26/08/2017,26/08/2017,1178,144537,30-34,M,21,26,22,286553.0,34,62.06000042,2.0,1.0,0.01186516979406951,1.82529413,2.941176470588235,False,False,False,0
747212,18/08/2017,18/08/2017,936,110836,30-34,M,10,16,14,7208.0,2,3.190000057,1.0,0.0,0.02774694783573807,1.5950000285,0.0,False,True,False,0
1121108,26/08/2017,26/08/2017,1178,144533,30-34,M,16,20,18,984521.0,95,163.8999972,26.0,14.0,0.00964936248185666,1.7252631284210527,14.736842105263156,False,False,True,0
1121333,28/08/2017,28/08/2017,1178,144579,35-39,M,22,25,25,88970.0,10,14.8300004,2.0,0.0,0.011239743733842868,1.4830000399999999,0.0,False,True,False,0
1121220,22/08/2017,22/08/2017,1178,144558,30-34,M,31,37,35,100596.0,10,13.91999972,4.0,2.0,0.009940753111455723,1.391999972,20.0,False,True,True,1
735298,18/08/2017,18/08/2017,936,108836,45-49,F,29,31,32,85412.0,28,38.63999999,2.0,1.0,0.03278227883669742,1.3799999996428571,3.571428571428571,False,True,True,1
776519,21/08/2017,21/08/2017,936,115517,45-49,F,65,71,67,70702.0,20,31.7099998,1.0,0.0,0.028287742920992336,1.58549999,0.0,False,True,False,0
1121116,26/08/2017,26/08/2017,1178,144535,30-34,M,19,20,24,572450.0,89,157.329998,7.0,4.0,0.015547209363263169,1.7677527865168539,4.49438202247191,False,False,True,0
735184,19/08/2017,19/08/2017,936,108817,40-44,F,63,66,67,4412.0,1,1.450000048,1.0,0.0,0.022665457842248413,1.450000048,0.0,False,True,False,0
782587,18/08/2017,18/08/2017,936,116577,30-34,M,10,13,16,2499.0,0,0.0,1.0,0.0,0.0,,0.0,False,False,False,0
782443,20/08/2017,20/08/2017,936,116553,40-44,F,20,25,24,979.0,0,0.0,1.0,0.0,0.0,,0.0,False,False,False,0
737097,21/08/2017,21/08/2017,936,109498,35-39,M,7,10,11,715.0,0,0.0,1.0,0.0,0.0,,0.0,False,False,False,0
712052,25/08/2017,25/08/2017,916,104467,45-49,F,10,13,11,1448.0,0,0.0,1.0,1.0,0.0,,0.0,False,False,False,0
738648,18/08/2017,18/08/2017,936,109859,45-49,F,26,30,27,111090.0,38,51.97000027,5.0,1.0,0.03420649923485462,1.3676315860526316,2.631578947368421,False,True,False,0
781950,20/08/2017,20/08/2017,936,116471,30-34,F,20,26,21,1984.0,0,0.0,1.0,0.0,0.0,,0.0,False,False,False,0
1121472,24/08/2017,24/08/2017,1178,144602,40-44,M,20,21,25,140596.0,23,40.77000022,1.0,0.0,0.016358929130273977,1.7726087052173913,0.0,False,False,False,0
776325,26/08/2017,26/08/2017,936,115485,45-49,F,16,19,20,452398.0,114,180.2200012,1.0,0.0,0.025199050393679902,1.5808772035087721,0.0,False,True,False,0
1121334,28/08/2017,28/08/2017,1178,144579,35-39,M,22,24,26,108362.0,13,22.42999983,1.0,1.0,0.01199682545541795,1.7253846023076922,7.6923076923076925,False,False,True,0
1121241,27/08/2017,27/08/2017,1178,144562,30-34,M,36,40,37,24952.0,5,8.220000267,3.0,2.0,0.020038473869830074,1.6440000533999999,40.0,False,True,True,1
708953,17/08/2017,17/08/2017,916,103951,30-34,M,27,31,31,2355.0,1,1.5,1.0,0.0,0.042462845010615716,1.5,0.0,False,True,False,0
1121287,24/08/2017,24/08/2017,1178,144571,30-34,M,66,69,69,344618.0,51,89.76000047,3.0,1.0,0.014798994829057102,1.7600000092156862,1.9607843137254901,False,False,False,0
710480,17/08/2017,17/08/2017,916,104205,30-34,F,16,21,20,57665.0,14,18.06999969,1.0,1.0,0.024278158328275384,1.2907142635714286,7.142857142857142,False,True,True,1
950595,18/08/2017,18/08/2017,936,123526,30-34,M,26,30,31,465.0,0,0.0,1.0,0.0,0.0,,0.0,False,False,False,0
776722,27/08/2017,27/08/2017,936,115551,30-34,M,2,4,7,545.0,0,0.0,1.0,1.0,0.0,,0.0,False,False,False,0
778148,28/08/2017,28/08/2017,936,115802,35-39,M,28,32,30,3199.0,0,0.0,1.0,0.0,0.0,,0.0,False,False,False,0
1121206,23/08/2017,23/08/2017,1178,144554,30-34,M,29,34,31,227925.0,22,35.30999994,22.0,12.0,0.009652297905012614,1.6049999972727271,54.54545454545454,False,True,True,1
1121134,21/08/2017,21/08/2017,1178,144538,30-34,M,22,27,28,68905.0,5,9.440000057,1.0,0.0,0.007256367462448299,1.8880000114000002,0.0,False,False,False,0
1121510,19/08/2017,19/08/2017,1178,144608,40-44,M,26,30,31,31202.0,5,6.730000019,1.0,0.0,0.016024613806807256,1.3460000038,0.0,False,True,False,0
776840,22/08/2017,22/08/2017,936,115571,35-39,M,36,38,40,2797.0,1,1.289999962,1.0,0.0,0.03575259206292456,1.289999962,0.0,False,True,False,0
778048,28/08/2017,28/08/2017,936,115786,30-34,M,27,28,29,56615.0,12,19.88000035,2.0,0.0,0.021195796167093526,1.6566666958333334,0.0,False,True,False,0
782228,19/08/2017,19/08/2017,936,116517,40-44,F,63,64,66,12318.0,5,6.340000153,1.0,1.0,0.040591005033284625,1.2680000306,20.0,False,True,True,1
738637,21/08/2017,21/08/2017,936,109857,45-49,F,24,26,30,944.0,1,1.419999957,1.0,0.0,0.1059322033898305,1.419999957,0.0,False,True,False,0
1121269,22/08/2017,22/08/2017,1178,144568,30-34,M,65,67,67,296413.0,50,76.43999958,3.0,1.0,0.01686835597628984,1.5287999916000001,2.0,False,True,False,0
1121394,20/08/2017,20/08/2017,1178,144589,35-39,M,32,37,33,461356.0,64,121.0999982,6.0,3.0,0.013872150790279092,1.892187471875,4.6875,False,False,True,0
951413,21/08/2017,21/08/2017,936,123662,30-34,F,26,29,27,1083.0,0,0.0,2.0,1.0,0.0,,0.0,False,False,False,0
738593,20/08/2017,20/08/2017,936,109850,45-49,F,16,17,21,92011.0,27,34.39000046,2.0,1.0,0.029344317527252174,1.273703720740741,3.7037037037037033,False,True,True,1
738592,20/08/2017,20/08/2017,936,109850,45-49,F,16,22,20,493821.0,116,176.3799977,4.0,1.0,0.02349029304140569,1.520517221551724,0.8620689655172413,False,True,False,0
1121428,23/08/2017,23/08/2017,1178,144595,35-39,M,7,9,13,131232.0,16,29.53999937,1.0,1.0,0.0121921482565228,1.846249960625,6.25,False,False,True,0
1121451,25/08/2017,25/08/2017,1178,144599,40-44,M,16,20,18,1117385.0,147,260.0699984,11.0,2.0,0.013155716248204512,1.769183662585034,1.3605442176870748,False,False,False,0
1121304,23/08/2017,23/08/2017,1178,144574,35-39,M,16,17,20,94257.0,7,12.5800004,1.0,1.0,0.007426504132319085,1.7971429142857143,14.285714285714285,False,False,True,0
779922,22/08/2017,22/08/2017,936,116111,30-34,F,18,22,24,5823.0,1,1.419999957,1.0,1.0,0.01717327837884252,1.419999957,100.0,False,True,True,1
950808,22/08/2017,22/08/2017,936,123562,35-39,M,32,33,38,398.0,0,0.0,1.0,0.0,0.0,,0.0,False,False,False,0
778804,30/08/2017,30/08/2017,936,115912,30-34,M,26,29,29,6184.0,2,2.75,1.0,1.0,0.03234152652005175,1.375,50.0,False,True,True,1
748000,24/08/2017,24/08/2017,936,110967,35-39,F,26,27,32,6585.0,2,2.950000048,1.0,0.0,0.030372057706909643,1.475000024,0.0,False,True,False,0
737524,21/08/2017,21/08/2017,936,109601,40-44,M,30,34,33,2148.0,1,1.580000043,1.0,1.0,0.04655493482309125,1.580000043,100.0,False,True,True,1
1121341,27/08/2017,27/08/2017,1178,144580,35-39,M,23,26,27,223120.0,40,67.66999984,1.0,0.0,0.017927572606669058,1.691749996,0.0,False,True,False,0
738528,19/08/2017,19/08/2017,936,109839,40-44,F,30,34,33,402.0,0,0.0,1.0,1.0,0.0,,0.0,False,False,False,0
1121493,19/08/2017,19/08/2017,1178,144606,40-44,M,24,28,30,137584.0,21,36.77999961,1.0,0.0,0.015263402721246657,1.7514285528571427,0.0,False,False,False,0
748233,27/08/2017,27/08/2017,936,111006,45-49,F,16,22,18,78627.0,19,26.53000045,1.0,0.0,0.0241647271293576,1.3963158131578948,0.0,False,True,False,0
777398,25/08/2017,25/08/2017,936,115677,35-39,M,24,27,30,3029.0,1,1.049999952,1.0,1.0,0.033014196104324864,1.049999952,100.0,False,True,True,1
777871,23/08/2017,23/08/2017,936,115756,30-34,M,20,26,23,4616.0,1,1.360000014,1.0,0.0,0.02166377816291161,1.360000014,0.0,False,True,False,0
781907,19/08/2017,19/08/2017,936,116463,45-49,F,21,27,23,1314.0,0,0.0,1.0,0.0,0.0,,0.0,False,False,False,0
737375,21/08/2017,21/08/2017,936,109565,40-44,M,10,11,11,1415.0,0,0.0,1.0,0.0,0.0,,0.0,False,False,False,0
747911,24/08/2017,24/08/2017,936,110952,30-34,F,64,66,66,1495.0,0,0.0,1.0,1.0,0.0,,0.0,False,False,False,0
748314,25/08/2017,25/08/2017,936,111020,45-49,F,31,34,32,7821.0,4,6.340000153,1.0,1.0,0.0511443549418233,1.58500003825,25.0,False,True,True,1
950183,22/08/2017,22/08/2017,936,123457,30-34,M,16,22,19,15720.0,1,1.379999995,1.0,0.0,0.006361323155216285,1.379999995,0.0,False,True,False,0
776685,22/08/2017,22/08/2017,936,115545,40-44,M,16,22,17,7745.0,0,0.0,1.0,0.0,0.0,,0.0,False,False,False,0
782242,19/08/2017,19/08/2017,936,116519,30-34,F,28,34,31,4783.0,1,0.860000014,1.0,0.0,0.02090738030524775,0.860000014,0.0,False,True,False,0
1121391,20/08/2017,20/08/2017,1178,144589,35-39,M,32,33,33,382537.0,63,113.9900012,4.0,3.0,0.016468995156024124,1.8093650984126983,4.761904761904762,False,False,True,0
737896,20/08/2017,20/08/2017,936,109689,30-34,F,16,21,22,17553.0,3,4.590000153,1.0,0.0,0.017091095539224065,1.530000051,0.0,False,True,False,0
781929,20/08/2017,20/08/2017,936,116467,30-34,M,18,21,21,6142.0,1,1.330000043,1.0,0.0,0.0162813415825464,1.330000043,0.0,False,True,False,0
1121262,30/08/2017,30/08/2017,1178,144567,30-34,M,64,66,67,447420.0,66,110.2399991,7.0,2.0,0.014751240445219258,1.6703030166666668,3.0303030303030303,False,True,True,1
1121245,22/08/2017,22/08/2017,1178,144562,30-34,M,36,37,40,29185.0,2,3.149999976,1.0,0.0,0.00685283536063046,1.574999988,0.0,False,True,False,0
1121421,21/08/2017,21/08/2017,1178,144594,35-39,M,2,8,6,233404.0,43,70.4100008,2.0,1.0,0.018422991893883568,1.6374418790697676,2.3255813953488373,False,True,False,0
776473,22/08/2017,22/08/2017,936,115510,30-34,M,16,22,22,23086.0,2,3.310000062,1.0,1.0,0.008663259118080222,1.655000031,50.0,False,True,True,1
1121423,23/08/2017,23/08/2017,1178,144594,35-39,M,2,5,7,63564.0,12,20.59000027,2.0,0.0,0.018878610534264678,1.7158333558333334,0.0,False,True,False,0
1121213,22/08/2017,22/08/2017,1178,144556,30-34,M,30,31,35,283170.0,39,65.22999996,2.0,1.0,0.013772645407352473,1.6725641015384616,2.564102564102564,False,True,False,0
1121429,23/08/2017,23/08/2017,1178,144595,35-39,M,7,13,9,152454.0,22,37.84999979,1.0,1.0,0.01443058233959096,1.7204545359090908,4.545454545454546,False,False,True,0
1121233,22/08/2017,22/08/2017,1178,144561,30-34,M,32,34,36,57690.0,4,6.74000001,1.0,0.0,0.006933610677760443,1.6850000025,0.0,False,True,False,0
781327,19/08/2017,19/08/2017,936,116367,35-39,F,29,35,35,164754.0,49,67.97999978,2.0,1.0,0.02974131128834505,1.3873469342857143,2.0408163265306123,False,True,False,0
1121528,19/08/2017,19/08/2017,1178,144611,40-44,M,29,33,31,172827.0,25,38.42000043,2.0,0.0,0.01446533238440753,1.5368000172,0.0,False,True,False,0
951837,29/08/2017,29/08/2017,936,123733,45-49,F,20,23,23,2077.0,1,1.50999999,1.0,1.0,0.04814636494944632,1.50999999,100.0,False,True,True,1
777105,30/08/2017,30/08/2017,936,115615,45-49,M,63,67,67,4333.0,1,0.180000007,1.0,1.0,0.02307869836141242,0.180000007,100.0,False,True,True,1
1121302,23/08/2017,23/08/2017,1178,144574,35-39,M,16,17,22,1206533.0,128,236.1199988,17.0,6.0,0.010608909992515746,1.844687490625,4.6875,False,False,True,0
950326,22/08/2017,22/08/2017,936,123481,35-39,M,16,19,22,6607.0,1,1.320000052,2.0,0.0,0.015135462388375966,1.320000052,0.0,False,True,False,0
951508,21/08/2017,21/08/2017,936,123678,30-34,F,18,21,22,1134.0,0,0.0,1.0,0.0,0.0,,0.0,False,False,False,0
736869,18/08/2017,18/08/2017,936,109448,30-34,M,2,6,8,2338.0,1,0.239999995,1.0,0.0,0.0427715996578272,0.239999995,0.0,False,True,False,0
776553,22/08/2017,22/08/2017,936,115523,30-34,F,16,21,17,66765.0,8,11.04999971,1.0,0.0,0.011982326069048154,1.38124996375,0.0,False,True,False,0
1121548,21/08/2017,21/08/2017,1178,144615,40-44,M,36,38,37,59004.0,8,13.51000011,1.0,0.0,0.013558402820147787,1.68875001375,0.0,False,True,False,0
780835,23/08/2017,23/08/2017,936,116279,45-49,F,16,21,21,54724.0,12,17.92999995,1.0,1.0,0.02192822162122652,1.4941666624999999,8.333333333333332,False,True,True,1
776563,23/08/2017,23/08/2017,936,115525,30-34,F,7,9,13,1369.0,0,0.0,1.0,1.0,0.0,,0.0,False,False,False,0
1121263,30/08/2017,30/08/2017,1178,144567,30-34,M,64,66,69,156101.0,19,29.75000048,2.0,2.0,0.012171606844286711,1.5657894989473684,10.526315789473683,False,True,True,1
778600,29/08/2017,29/08/2017,936,115878,40-44,F,22,23,25,10750.0,4,5.389999866,1.0,0.0,0.037209302325581395,1.3474999665,0.0,False,True,False,0
782135,20/08/2017,20/08/2017,936,116501,30-34,F,16,20,17,25267.0,4,4.940000057,2.0,1.0,0.015830925713381093,1.23500001425,25.0,False,True,True,1
1121489,19/08/2017,19/08/2017,1178,144605,40-44,M,23,28,24,110018.0,24,39.85999966,1.0,0.0,0.02181461215437474,1.6608333191666667,0.0,False,True,False,0
780498,22/08/2017,22/08/2017,936,116218,30-34,F,64,65,68,13621.0,3,4.090000033,1.0,0.0,0.02202481462447691,1.3633333443333333,0.0,False,True,False,0
776817,22/08/2017,22/08/2017,936,115567,40-44,M,10,14,16,12356.0,4,6.279999971,1.0,0.0,0.03237293622531564,1.56999999275,0.0,False,True,False,0
777495,25/08/2017,25/08/2017,936,115693,40-44,M,19,25,25,19581.0,7,10.42999983,2.0,0.0,0.0357489402992697,1.4899999757142857,0.0,False,True,False,0
781066,23/08/2017,23/08/2017,936,116323,40-44,F,22,26,25,5794.0,2,2.269999981,1.0,0.0,0.03451846738004832,1.1349999905,0.0,False,True,False,0
781303,19/08/2017,19/08/2017,936,116363,35-39,F,27,29,30,73676.0,20,28.5,1.0,0.0,0.027145881969705195,1.425,0.0,False,True,False,0
776494,21/08/2017,21/08/2017,936,115513,30-34,M,15,16,16,7015.0,0,0.0,1.0,0.0,0.0,,0.0,False,False,False,0
1121483,19/08/2017,19/08/2017,1178,144604,40-44,M,22,26,23,253169.0,51,75.78999984,1.0,0.0,0.020144646461454602,1.486078428235294,0.0,False,True,False,0
1121293,23/08/2017,23/08/2017,1178,144572,35-39,M,10,16,13,427729.0,50,96.8999989,4.0,1.0,0.011689644611424523,1.937999978,2.0,False,False,False,0
951046,19/08/2017,19/08/2017,936,123601,30-34,F,16,18,17,20050.0,4,4.659999847,4.0,1.0,0.019950124688279305,1.16499996175,25.0,False,True,True,1
779918,22/08/2017,22/08/2017,936,116111,30-34,F,18,23,24,8469.0,2,3.089999914,1.0,0.0,0.02361553902467824,1.544999957,0.0,False,True,False,0
951779,20/08/2017,20/08/2017,936,123723,45-49,F,27,32,29,3277.0,2,2.680000067,1.0,0.0,0.061031431187061336,1.3400000335,0.0,False,True,False,0
1121562,20/08/2017,20/08/2017,1178,144617,40-44,M,64,65,67,109289.0,19,31.02999997,1.0,0.0,0.017385098225804977,1.6331578931578947,0.0,False,True,False,0
1121444,25/08/2017,25/08/2017,1178,144597,40-44,M,10,13,12,211767.0,35,60.89999914,5.0,1.0,0.01652759872879155,1.7399999754285713,2.857142857142857,False,False,False,0
1121482,19/08/2017,19/08/2017,1178,144604,40-44,M,22,24,24,180815.0,31,42.62999976,1.0,0.0,0.017144595304593092,1.375161282580645,0.0,False,True,False,0
1121344,28/08/2017,28/08/2017,1178,144581,35-39,M,24,27,27,165177.0,23,41.71999967,4.0,1.0,0.013924456794832209,1.8139130291304348,4.3478260869565215,False,False,True,0
1121335,28/08/2017,28/08/2017,1178,144579,35-39,M,22,25,23,188596.0,27,44.14000034,3.0,0.0,0.014316316358777491,1.6348148274074075,0.0,False,True,False,0
1121142,21/08/2017,21/08/2017,1178,144539,30-34,M,23,24,27,26890.0,2,3.24000001,1.0,0.0,0.007437709185570845,1.620000005,0.0,False,True,False,0
1121203,23/08/2017,23/08/2017,1178,144554,30-34,M,29,35,33,1048861.0,128,219.770002,22.0,8.0,0.012203714314861551,1.716953140625,6.25,False,True,True,1
734866,20/08/2017,20/08/2017,936,108764,30-34,F,29,32,31,11803.0,3,4.440000057,1.0,0.0,0.02541726679657714,1.480000019,0.0,False,True,False,0
776661,23/08/2017,23/08/2017,936,115541,30-34,M,16,18,22,15466.0,1,0.970000029,1.0,0.0,0.006465795939480151,0.970000029,0.0,False,True,False,0
747362,21/08/2017,21/08/2017,936,110861,35-39,M,15,16,18,4607.0,1,1.149999976,1.0,1.0,0.021706099413935316,1.149999976,100.0,False,True,True,1
1121098,29/08/2017,29/08/2017,1178,144532,30-34,M,15,18,21,1267550.0,123,236.7699986,24.0,10.0,0.009703759220543567,1.924959338211382,8.130081300813007,False,False,True,0
710477,17/08/2017,17/08/2017,916,104205,30-34,F,16,19,19,2654.0,0,0.0,1.0,1.0,0.0,,0.0,False,False,False,0
1121121,25/08/2017,25/08/2017,1178,144536,30-34,M,20,22,25,323899.0,46,78.9200002,5.0,1.0,0.014201958017777148,1.7156521782608696,2.1739130434782608,False,True,False,0
747678,25/08/2017,25/08/2017,936,110914,45-49,M,21,27,23,370.0,0,0.0,1.0,1.0,0.0,,0.0,False,False,False,0
1121347,27/08/2017,27/08/2017,1178,144581,35-39,M,24,25,28,220581.0,31,57.37,1.0,1.0,0.014053794297786302,1.8506451612903225,3.225806451612903,False,False,True,0
1121336,27/08/2017,27/08/2017,1178,144579,35-39,M,22,24,24,275080.0,43,69.65999997,4.0,3.0,0.01563181619892395,1.6199999993023255,6.976744186046512,False,True,True,1
1121471,24/08/2017,24/08/2017,1178,144602,40-44,M,20,21,26,304680.0,59,98.55000019,3.0,0.0,0.01936457923066824,1.6703389862711866,0.0,False,True,False,0
735033,18/08/2017,18/08/2017,936,108792,35-39,F,36,40,40,652.0,0,0.0,0.0,0.0,0.0,,0.0,False,False,False,0
1121172,20/08/2017,20/08/2017,1178,144547,30-34,M,26,30,28,87935.0,9,15.63000023,1.0,0.0,0.010234832546767499,1.7366666922222223,0.0,False,False,False,0
776644,23/08/2017,23/08/2017,936,115538,30-34,M,15,21,20,20083.0,2,3.200000048,2.0,1.0,0.009958671513220135,1.600000024,50.0,False,True,True,1
1121196,23/08/2017,23/08/2017,1178,144552,30-34,M,28,29,29,1392288.0,206,358.5500029,31.0,7.0,0.014795789376910524,1.740533994660194,3.3980582524271843,False,False,True,0
950773,18/08/2017,18/08/2017,936,123556,35-39,M,28,29,32,471.0,0,0.0,1.0,0.0,0.0,,0.0,False,False,False,0
1121136,21/08/2017,21/08/2017,1178,144538,30-34,M,22,26,26,169588.0,16,27.79999924,1.0,0.0,0.00943462980871288,1.7374999525,0.0,False,False,False,0
1121375,29/08/2017,29/08/2017,1178,144586,35-39,M,29,31,35,9921.0,0,0.0,1.0,0.0,0.0,,0.0,False,False,False,0
776323,26/08/2017,26/08/2017,936,115485,45-49,F,16,17,18,99078.0,23,35.79999948,2.0,0.0,0.023214033387835845,1.556521716521739,0.0,False,True,False,0
781508,24/08/2017,24/08/2017,936,116397,30-34,F,63,68,64,5040.0,1,1.440000057,1.0,0.0,0.01984126984126984,1.440000057,0.0,False,True,False,0
781811,18/08/2017,18/08/2017,936,116447,35-39,F,16,17,22,10186.0,1,1.230000019,1.0,1.0,0.0098173964264677,1.230000019,100.0,False,True,True,1
1121469,25/08/2017,25/08/2017,1178,144602,40-44,M,20,26,21,399035.0,75,124.7999995,7.0,3.0,0.018795343766837495,1.6639999933333334,4.0,False,True,True,1
776464,22/08/2017,22/08/2017,936,115508,45-49,F,29,30,31,7550.0,1,1.679999948,1.0,1.0,0.013245033112582781,1.679999948,100.0,False,True,True,1
708818,17/08/2017,17/08/2017,916,103928,30-34,M,28,33,32,4133.0,1,1.289999962,1.0,1.0,0.024195499637067505,1.289999962,100.0,False,True,True,1
1121400,23/08/2017,23/08/2017,1178,144590,35-39,M,36,38,41,53933.0,6,9.929999948,3.0,1.0,0.01112491424545269,1.6549999913333335,16.666666666666664,False,True,True,1
1121277,23/08/2017,23/08/2017,1178,144570,30-34,M,7,9,13,169108.0,20,32.24000025,2.0,1.0,0.011826761596139745,1.6120000125,5.0,False,True,True,1
1121127,26/08/2017,26/08/2017,1178,144537,30-34,M,21,23,22,40873.0,4,7.899999976,2.0,1.0,0.009786411567538473,1.974999994,25.0,False,False,True,0
735065,19/08/2017,19/08/2017,936,108797,40-44,F,7,10,12,648.0,0,0.0,1.0,0.0,0.0,,0.0,False,False,False,0
1121195,23/08/2017,23/08/2017,1178,144552,30-34,M,28,34,33,38757.0,3,5.220000029,1.0,0.0,0.007740537193281214,1.7400000096666668,0.0,False,False,False,0
782022,20/08/2017,20/08/2017,936,116483,30-34,F,18,24,20,8254.0,2,2.320000052,1.0,1.0,0.0242306760358614,1.160000026,50.0,False,True,True,1
951692,21/08/2017,21/08/2017,936,123709,35-39,F,10,15,14,1107.0,0,0.0,1.0,0.0,0.0,,0.0,False,False,False,0
710968,27/08/2017,27/08/2017,916,104287,35-39,F,27,31,29,5864.0,2,2.799999952,1.0,1.0,0.034106412005457026,1.399999976,50.0,False,True,True,1
710045,17/08/2017,17/08/2017,916,104133,45-49,M,16,22,17,47224.0,12,15.82000017,1.0,0.0,0.025410808063696423,1.3183333475,0.0,False,True,False,0
748295,26/08/2017,26/08/2017,936,111016,45-49,F,27,31,32,9240.0,3,6.039999962,1.0,0.0,0.032467532467532464,2.0133333206666664,0.0,False,False,False,0
738067,20/08/2017,20/08/2017,936,109731,30-34,F,32,37,36,658.0,0,0.0,1.0,0.0,0.0,,0.0,False,False,False,0
709614,19/08/2017,19/08/2017,916,104061,40-44,M,16,19,20,19113.0,4,5.5200001,1.0,0.0,0.020928164076806362,1.380000025,0.0,False,True,False,0
1121378,29/08/2017,29/08/2017,1178,144586,35-39,M,29,33,33,1040330.0,147,254.2500038,13.0,2.0,0.014130131785106649,1.729591862585034,1.3605442176870748,False,False,False,0
776551,21/08/2017,21/08/2017,936,115523,30-34,F,16,18,22,14459.0,1,1.389999986,1.0,0.0,0.006916107614634484,1.389999986,0.0,False,True,False,0
951420,21/08/2017,21/08/2017,936,123664,30-34,F,27,33,32,843.0,0,0.0,1.0,0.0,0.0,,0.0,False,False,False,0
781159,23/08/2017,23/08/2017,936,116339,40-44,F,10,15,11,85285.0,26,36.13000035,1.0,0.0,0.03048601747083309,1.3896153980769232,0.0,False,True,False,0
777673,23/08/2017,23/08/2017,936,115723,40-44,M,16,18,17,7101.0,0,0.0,1.0,0.0,0.0,,0.0,False,False,False,0
782407,20/08/2017,20/08/2017,936,116547,45-49,F,10,12,11,33664.0,11,12.51000035,1.0,0.0,0.03267585551330798,1.137272759090909,0.0,False,True,False,0
781499,18/08/2017,18/08/2017,936,116395,35-39,M,15,21,20,6412.0,1,1.370000005,1.0,0.0,0.015595757953836557,1.370000005,0.0,False,True,False,0
1121242,27/08/2017,27/08/2017,1178,144562,30-34,M,36,37,39,38900.0,3,5.580000043,1.0,0.0,0.007712082262210797,1.8600000143333333,0.0,False,False,False,0
951607,20/08/2017,20/08/2017,936,123695,40-44,F,10,15,15,848.0,0,0.0,1.0,1.0,0.0,,0.0,False,False,False,0
738408,19/08/2017,19/08/2017,936,109813,40-44,F,16,22,22,20233.0,4,5.590000153,3.0,0.0,0.019769683190826868,1.39750003825,0.0,False,True,False,0
734314,27/08/2017,27/08/2017,936,108672,30-34,M,36,38,38,962.0,0,0.0,1.0,0.0,0.0,,0.0,False,False,False,0
951045,19/08/2017,19/08/2017,936,123601,30-34,F,16,20,21,3348.0,0,0.0,1.0,0.0,0.0,,0.0,False,False,False,0
1121338,27/08/2017,27/08/2017,1178,144580,35-39,M,23,27,24,31265.0,4,5.789999902,1.0,0.0,0.012793858947705102,1.4474999755,0.0,False,True,False,0
737766,20/08/2017,20/08/2017,936,109659,45-49,M,29,33,33,1447.0,0,0.0,1.0,1.0,0.0,,0.0,False,False,False,0
1121535,20/08/2017,20/08/2017,1178,144613,40-44,M,31,33,32,77794.0,14,19.11000001,1.0,1.0,0.017996246497159165,1.3650000007142857,7.142857142857142,False,True,True,1
1121094,28/08/2017,28/08/2017,1178,144531,30-34,M,10,16,15,24362.0,0,0.0,1.0,1.0,0.0,,0.0,False,False,False,0
734361,29/08/2017,29/08/2017,936,108680,35-39,M,16,19,19,12382.0,2,2.839999914,1.0,1.0,0.016152479405588758,1.419999957,50.0,False,True,True,1
709059,30/08/2017,30/08/2017,916,103968,30-34,M,20,26,23,14669.0,7,10.28000021,1.0,1.0,0.0477196809598473,1.4685714585714287,14.285714285714285,False,True,True,1
747223,18/08/2017,18/08/2017,936,110838,30-34,M,16,18,18,8032.0,1,0.600000024,2.0,0.0,0.01245019920318725,0.600000024,0.0,False,True,False,0
710628,17/08/2017,17/08/2017,916,104230,30-34,F,18,24,22,1473.0,0,0.0,1.0,0.0,0.0,,0.0,False,False,False,0
951462,21/08/2017,21/08/2017,936,123671,45-49,F,16,20,19,7589.0,2,3.150000095,1.0,1.0,0.02635393332454869,1.5750000475,50.0,False,True,True,1
781162,21/08/2017,21/08/2017,936,116339,40-44,F,10,11,13,5839.0,1,1.370000005,1.0,0.0,0.017126220243192325,1.370000005,0.0,False,True,False,0
748007,24/08/2017,24/08/2017,936,110968,35-39,F,27,29,28,10164.0,2,3.720000029,1.0,1.0,0.01967729240456513,1.8600000145,50.0,False,False,True,0
776430,22/08/2017,22/08/2017,936,115503,30-34,M,10,14,16,3200.0,0,0.0,1.0,0.0,0.0,,0.0,False,False,False,0
711877,26/08/2017,26/08/2017,916,104438,45-49,F,63,67,65,17572.0,7,9.379999995,1.0,0.0,0.03983610289096289,1.3399999992857143,0.0,False,True,False,0
779631,19/08/2017,19/08/2017,936,116063,35-39,F,16,19,18,9730.0,1,1.379999995,1.0,0.0,0.010277492291880781,1.379999995,0.0,False,True,False,0
777905,30/08/2017,30/08/2017,936,115762,30-34,M,31,36,36,3288.0,0,0.0,1.0,0.0,0.0,,0.0,False,False,False,0
776698,22/08/2017,22/08/2017,936,115547,30-34,M,10,14,16,12785.0,3,4.730000019,2.0,1.0,0.023464998044583497,1.576666673,33.33333333333333,False,True,True,1
950776,18/08/2017,18/08/2017,936,123556,35-39,M,28,29,32,2633.0,1,1.070000052,1.0,0.0,0.0379794910748196,1.070000052,0.0,False,True,False,0
950631,23/08/2017,23/08/2017,936,123532,30-34,M,65,70,70,152.0,0,0.0,1.0,1.0,0.0,,0.0,False,False,False,0
1121590,20/08/2017,20/08/2017,1178,144622,45-49,M,10,16,15,478480.0,75,135.7500012,3.0,1.0,0.015674636348436716,1.8100000160000003,1.3333333333333335,False,False,False,0
777131,22/08/2017,22/08/2017,936,115619,35-39,M,16,19,21,6359.0,0,0.0,1.0,0.0,0.0,,0.0,False,False,False,0
748303,25/08/2017,25/08/2017,936,111018,45-49,F,29,32,33,7706.0,2,2.369999886,1.0,0.0,0.02595380223202699,1.184999943,0.0,False,True,False,0
747370,20/08/2017,20/08/2017,936,110862,35-39,M,16,17,19,2936.0,0,0.0,1.0,0.0,0.0,,0.0,False,False,False,0
1121141,21/08/2017,21/08/2017,1178,144539,30-34,M,23,29,27,23198.0,2,2.980000019,1.0,0.0,0.008621432882145013,1.4900000095,0.0,False,True,False,0
781928,19/08/2017,19/08/2017,936,116467,30-34,M,18,21,22,2916.0,0,0.0,1.0,1.0,0.0,,0.0,False,False,False,0
951202,18/08/2017,18/08/2017,936,123627,45-49,F,26,29,28,5307.0,3,4.289999962,2.0,1.0,0.05652911249293386,1.4299999873333331,33.33333333333333,False,True,True,1
735213,21/08/2017,21/08/2017,936,108822,45-49,F,10,16,11,73634.0,23,32.97999978,1.0,0.0,0.03123557052448597,1.4339130339130435,0.0,False,True,False,0
1121175,20/08/2017,20/08/2017,1178,144547,30-34,M,26,28,29,209461.0,20,34.19000006,1.0,0.0,0.009548316870443663,1.709500003,0.0,False,True,False,0
781438,18/08/2017,18/08/2017,936,116385,30-34,M,63,65,68,2086.0,0,0.0,1.0,0.0,0.0,,0.0,False,False,False,0
708749,17/08/2017,17/08/2017,916,103917,30-34,M,16,19,21,17861.0,2,1.820000023,2.0,0.0,0.011197581322434353,0.9100000115,0.0,False,True,False,0
1121456,24/08/2017,24/08/2017,1178,144599,40-44,M,16,22,22,315281.0,35,65.02999854,1.0,0.0,0.011101208128621769,1.857999958285714,0.0,False,False,False,0
1121167,19/08/2017,19/08/2017,1178,144545,30-34,M,25,29,31,1063508.0,145,260.3800013,23.0,7.0,0.013634124049842596,1.7957241468965517,4.827586206896552,False,False,True,0
734800,28/08/2017,28/08/2017,936,108753,30-34,F,18,20,20,1635.0,0,0.0,1.0,0.0,0.0,,0.0,False,False,False,0
776322,25/08/2017,25/08/2017,936,115485,45-49,F,16,21,20,119063.0,34,53.21999949,1.0,0.0,0.02855631052468021,1.5652941026470588,0.0,False,True,False,0
710360,17/08/2017,17/08/2017,916,104185,45-49,M,21,26,24,2182.0,1,1.529999971,1.0,1.0,0.045829514207149404,1.529999971,100.0,False,True,True,1
951812,29/08/2017,29/08/2017,936,123729,35-39,F,16,18,18,16274.0,4,6.079999924,2.0,0.0,0.02457908320019663,1.519999981,0.0,False,True,False,0
782815,23/08/2017,23/08/2017,936,116615,40-44,F,10,16,15,11537.0,3,4.300000191,1.0,0.0,0.026003293750541737,1.433333397,0.0,False,True,False,0
950629,23/08/2017,23/08/2017,936,123532,30-34,M,65,67,68,152.0,0,0.0,1.0,1.0,0.0,,0.0,False,False,False,0
780748,18/08/2017,18/08/2017,936,116265,30-34,F,24,26,28,830.0,0,0.0,1.0,0.0,0.0,,0.0,False,False,False,0
734968,20/08/2017,20/08/2017,936,108781,35-39,F,22,25,27,8504.0,3,3.340000093,1.0,1.0,0.03527751646284102,1.1133333643333334,33.33333333333333,False,True,True,1
779645,22/08/2017,22/08/2017,936,116065,30-34,F,16,21,20,27289.0,3,4.429999828,1.0,0.0,0.010993440580453663,1.4766666093333332,0.0,False,True,False,0
1121173,20/08/2017,20/08/2017,1178,144547,30-34,M,26,31,32,278225.0,33,60.19999957,3.0,0.0,0.011860903944649115,1.8242424112121214,0.0,False,False,False,0
779824,22/08/2017,22/08/2017,936,116095,45-49,M,7,13,9,9375.0,3,4.019999981,1.0,0.0,0.032,1.3399999936666667,0.0,False,True,False,0
776659,23/08/2017,23/08/2017,936,115541,30-34,M,16,19,22,8817.0,0,0.0,1.0,1.0,0.0,,0.0,False,False,False,0
709040,29/08/2017,29/08/2017,916,103965,30-34,M,16,19,21,5120.0,0,0.0,1.0,0.0,0.0,,0.0,False,False,False,0
778556,28/08/2017,28/08/2017,936,115870,40-44,M,32,35,38,9735.0,4,4.130000114,1.0,1.0,0.04108885464817669,1.0325000285,25.0,False,True,True,1
1121254,22/08/2017,22/08/2017,1178,144565,30-34,M,63,64,65,124005.0,11,21.84999979,4.0,1.0,0.008870610056046127,1.986363617272727,9.090909090909092,False,False,True,0
781353,19/08/2017,19/08/2017,936,116371,35-39,F,10,13,15,7449.0,1,1.639999986,1.0,1.0,0.013424620754463686,1.639999986,100.0,False,True,True,1
777200,23/08/2017,23/08/2017,936,115631,30-34,M,64,69,70,1898.0,0,0.0,1.0,1.0,0.0,,0.0,False,False,False,0
747514,21/08/2017,21/08/2017,936,110886,40-44,M,16,20,17,14843.0,3,2.939999938,1.0,1.0,0.02021154753082261,0.9799999793333334,33.33333333333333,False,True,True,1
1121577,20/08/2017,20/08/2017,1178,144620,40-44,M,7,9,11,242234.0,48,68.06000054,2.0,0.0,0.01981555025306109,1.4179166779166668,0.0,False,True,False,0
1121337,27/08/2017,27/08/2017,1178,144580,35-39,M,23,28,28,64647.0,10,16.26999998,1.0,0.0,0.015468621900474887,1.626999998,0.0,False,True,False,0
951391,19/08/2017,19/08/2017,936,123659,30-34,F,28,29,33,2879.0,1,1.590000033,2.0,2.0,0.03473428273706148,1.590000033,200.0,False,True,True,1
1121545,20/08/2017,20/08/2017,1178,144614,40-44,M,32,33,35,208572.0,36,60.76000023,2.0,1.0,0.017260226684310456,1.6877777841666668,2.7777777777777777,False,True,False,0
951756,20/08/2017,20/08/2017,936,123720,35-39,F,22,25,26,2189.0,1,0.409999996,1.0,0.0,0.04568296025582458,0.409999996,0.0,False,True,False,0
776662,22/08/2017,22/08/2017,936,115541,30-34,M,16,18,22,27072.0,3,4.370000005,1.0,0.0,0.011081560283687944,1.4566666683333331,0.0,False,True,False,0
1121177,20/08/2017,20/08/2017,1178,144547,30-34,M,26,28,29,26316.0,2,3.24000001,3.0,0.0,0.007599939200486396,1.620000005,0.0,False,True,False,0
1121168,19/08/2017,19/08/2017,1178,144545,30-34,M,25,27,28,50523.0,6,8.549999952,1.0,0.0,0.011875779348019715,1.424999992,0.0,False,True,False,0
1121413,23/08/2017,23/08/2017,1178,144592,35-39,M,64,67,69,65060.0,7,14.5200001,1.0,1.0,0.010759299108515216,2.0742857285714287,14.285714285714285,False,False,True,0
748045,25/08/2017,25/08/2017,936,110975,35-39,F,63,69,64,1238.0,0,0.0,1.0,0.0,0.0,,0.0,False,False,False,0
1121439,25/08/2017,25/08/2017,1178,144597,40-44,M,10,11,15,621591.0,91,163.36,5.0,1.0,0.014639851606603057,1.7951648351648353,1.098901098901099,False,False,False,0
951133,18/08/2017,18/08/2017,936,123616,35-39,M,16,21,19,9948.0,2,2.720000029,2.0,0.0,0.02010454362685967,1.3600000145,0.0,False,True,False,0
1121403,24/08/2017,24/08/2017,1178,144591,35-39,M,63,65,68,228861.0,33,53.38999939,4.0,2.0,0.01441923263465597,1.6178787693939394,6.0606060606060606,False,True,True,1
951853,29/08/2017,29/08/2017,936,123736,30-34,F,20,23,25,529.0,0,0.0,0.0,0.0,0.0,,0.0,False,False,False,0
734266,26/08/2017,26/08/2017,936,108664,30-34,M,25,30,27,605.0,0,0.0,1.0,0.0,0.0,,0.0,False,False,False,0
951105,19/08/2017,19/08/2017,936,123611,45-49,M,16,20,21,5894.0,1,1.539999962,1.0,1.0,0.0169664065151001,1.539999962,100.0,False,True,True,1
1121164,19/08/2017,19/08/2017,1178,144545,30-34,M,25,31,30,570699.0,80,138.7699997,9.0,2.0,0.014017897350442177,1.73462499625,2.5,False,False,False,0
776699,27/08/2017,27/08/2017,936,115547,30-34,M,10,16,16,8213.0,1,1.379999995,1.0,1.0,0.0121758188238159,1.379999995,100.0,False,True,True,1
709323,17/08/2017,17/08/2017,916,104012,35-39,M,15,17,19,7132.0,2,2.609999895,1.0,0.0,0.028042624789680313,1.3049999475,0.0,False,True,False,0
778483,27/08/2017,27/08/2017,936,115858,40-44,F,18,24,20,24188.0,5,8.179999828,1.0,0.0,0.020671407309409626,1.6359999656,0.0,False,True,False,0
950772,18/08/2017,18/08/2017,936,123556,35-39,M,28,30,33,460.0,0,0.0,1.0,0.0,0.0,,0.0,False,False,False,0
747369,21/08/2017,21/08/2017,936,110862,35-39,M,16,17,21,13355.0,2,3.180000067,1.0,1.0,0.014975664545114188,1.5900000335,50.0,False,True,True,1
777248,24/08/2017,24/08/2017,936,115639,30-34,F,7,9,10,3989.0,1,1.279999971,1.0,0.0,0.0250689395838556,1.279999971,0.0,False,True,False,0
748087,26/08/2017,26/08/2017,936,110982,40-44,F,16,22,19,29466.0,7,10.84999967,2.0,0.0,0.02375619357904025,1.5499999528571429,0.0,False,True,False,0
781305,19/08/2017,19/08/2017,936,116363,35-39,F,27,30,28,18421.0,7,10.07999992,1.0,0.0,0.03800010857173878,1.4399999885714287,0.0,False,True,False,0
782219,19/08/2017,19/08/2017,936,116515,30-34,M,26,27,32,977.0,0,0.0,1.0,0.0,0.0,,0.0,False,False,False,0
951448,22/08/2017,22/08/2017,936,123668,30-34,F,25,30,28,696.0,0,0.0,1.0,0.0,0.0,,0.0,False,False,False,0
779778,22/08/2017,22/08/2017,936,116087,30-34,F,31,37,34,2466.0,0,0.0,2.0,2.0,0.0,,0.0,False,False,False,0
778266,27/08/2017,27/08/2017,936,115822,40-44,F,27,32,28,74542.0,19,34.1500001,1.0,0.0,0.025488986074964446,1.7973684263157894,0.0,False,False,False,0
1121365,30/08/2017,30/08/2017,1178,144584,35-39,M,27,33,31,110503.0,25,32.67999995,4.0,0.0,0.02262382016777825,1.3071999980000002,0.0,False,True,False,0
737931,20/08/2017,20/08/2017,936,109698,30-34,F,20,26,24,3343.0,1,0.540000021,1.0,0.0,0.029913251570445706,0.540000021,0.0,False,True,False,0
1121368,30/08/2017,30/08/2017,1178,144585,35-39,M,28,33,31,358987.0,52,87.55000067,1.0,0.0,0.014485204199594972,1.6836538590384615,0.0,False,True,False,0
735109,19/08/2017,19/08/2017,936,108804,40-44,F,21,26,25,708.0,0,0.0,1.0,1.0,0.0,,0.0,False,False,False,0
780830,23/08/2017,23/08/2017,936,116279,45-49,F,16,17,17,16053.0,3,4.079999924,1.0,1.0,0.018688095683049896,1.3599999746666667,33.33333333333333,False,True,True,1
734901,20/08/2017,20/08/2017,936,108770,30-34,F,64,70,68,1554.0,0,0.0,1.0,0.0,0.0,,0.0,False,False,False,0
950770,18/08/2017,18/08/2017,936,123555,30-34,M,28,31,30,7780.0,3,4.329999924,2.0,2.0,0.038560411311053984,1.443333308,66.66666666666666,False,True,True,1
779438,28/08/2017,28/08/2017,936,116031,30-34,F,64,66,69,33144.0,9,13.40999985,1.0,0.0,0.02715423606082549,1.4899999833333333,0.0,False,True,False,0
776405,21/08/2017,21/08/2017,936,115498,45-49,F,21,25,22,40126.0,16,25.86000001,1.0,0.0,0.03987439565369087,1.616250000625,0.0,False,True,False,0
950969,19/08/2017,19/08/2017,936,123588,45-49,M,36,38,40,255.0,0,0.0,1.0,0.0,0.0,,0.0,False,False,False,0
737320,18/08/2017,18/08/2017,936,109553,35-39,M,63,64,66,5676.0,2,3.00999999,1.0,0.0,0.035236081747709654,1.504999995,0.0,False,True,False,0
1121279,24/08/2017,24/08/2017,1178,144570,30-34,M,7,10,13,93891.0,11,17.6400001,5.0,3.0,0.011715712901130035,1.6036363727272729,27.27272727272727,False,True,True,1
709320,17/08/2017,17/08/2017,916,104012,35-39,M,15,21,20,1422.0,0,0.0,1.0,1.0,0.0,,0.0,False,False,False,0
1121440,25/08/2017,25/08/2017,1178,144597,40-44,M,10,15,11,250499.0,36,58.14000005,3.0,1.0,0.014371314855548325,1.6150000013888888,2.7777777777777777,False,True,False,0
734582,29/08/2017,29/08/2017,936,108716,40-44,M,29,33,33,7709.0,2,1.320000052,2.0,0.0,0.02594370216629913,0.660000026,0.0,False,True,False,0
735220,18/08/2017,18/08/2017,936,108823,45-49,F,15,17,17,69708.0,20,31.28999949,1.0,0.0,0.02869111149365926,1.5644999745,0.0,False,True,False,0
777166,30/08/2017,30/08/2017,936,115625,30-34,M,63,69,65,2383.0,0,0.0,1.0,1.0,0.0,,0.0,False,False,False,0
950170,22/08/2017,22/08/2017,936,123455,30-34,M,15,19,16,1720.0,0,0.0,1.0,1.0,0.0,,0.0,False,False,False,0
735151,19/08/2017,19/08/2017,936,108811,40-44,F,28,30,31,926.0,0,0.0,1.0,0.0,0.0,,0.0,False,False,False,0
